1.66408313981657,-1.65811640501157,1.87325279389091,-0.191144191499434,1.36984380572358,-3.1593487929896
1.47261618093394,-1.69621638190193,1.93540659072067,-0.214008833038404,1.17796446592616,-3.16272041982392
1.61608213517041,-1.58761221392115,1.81593570901067,-0.203986192877976,1.32176332572307,-3.15959562318257
1.645884158436,-1.56408664967386,1.81090810979656,-0.222666164804828,1.35105011855943,-3.15939750504823
1.53518552980613,-1.57821218650616,1.79091011221037,-0.187782827435167,1.24006974162402,-3.1611145700762
1.71319093278729,-1.64893243543147,1.86350343664614,-0.189781444251136,1.41762253614455,-3.15909792367809
1.57024846154996,-1.64439084903536,1.87187075768804,-0.202957201983387,1.27562776399837,-3.16055889785755
1.63833233093032,-1.67316510585283,1.9125489232223,-0.215318865769563,1.34387700872045,-3.15933687237152
1.68724368916061,-1.61088855751613,1.83496828371229,-0.200554564785869,1.39134387946517,-3.15794704683441
1.57881433748682,-1.65360067249779,1.87330009763756,-0.195786304915714,1.28453602709405,-3.16025345381902
1.74257050698696,-1.62397664815315,1.92551981970064,-0.276554625543697,1.4465595148524,-3.15890361690559
1.67360159225127,-1.60952971622799,1.85122326712206,-0.217672588655231,1.37903860453496,-3.15835165358899
1.49548703107391,-1.59672860220218,1.82289837788311,-0.200843285382408,1.2012491268575,-3.16288191683116
1.65964597026592,-1.57375921492599,1.80651033191289,-0.208070352008403,1.36516656643556,-3.15989211194241
1.56769007483862,-1.64994838277065,1.87254525201169,-0.198822357498736,1.2730989641835,-3.16070384211644
1.54529189795593,-1.62447703410616,1.84228747403104,-0.193008314358905,1.25108807378981,-3.16193137964091
1.57593353812695,-1.70698172332602,1.97808062317829,-0.245610512044094,1.28116339223486,-3.16085934714393
1.47646464037995,-1.76776989534842,1.97476428057343,-0.1827982640146,1.1821528440451,-3.16222285406761
1.46385961160074,-1.75595453860113,1.95108018738936,-0.169533300914434,1.16974655029865,-3.16310074117821
1.49591527973778,-1.57248918570974,1.79459458572617,-0.197085844260773,1.20119671704873,-3.16296657690603
1.49510830774373,-1.6295794282499,1.93338921569754,-0.277949400840075,1.2008834568174,-3.16272225464383
1.46643956727469,-1.76353798505004,1.95748326256893,-0.169297702232467,1.17232940130875,-3.16254313616741
1.71264368758871,-1.53403077495323,1.75363572385966,-0.196331765753014,1.41657197160107,-3.15841184115805
1.55734532746365,-1.59674332516148,1.85832916631083,-0.237986117242605,1.26193421272693,-3.16055219424666
1.71142186486935,-1.53490904906522,1.76076099161848,-0.20271068204822,1.41591305119657,-3.15893787239256
1.66235286029841,-1.49973201880248,1.763786128369,-0.240753400616776,1.36754106859367,-3.15894509483704
1.72189437775429,-1.58521951678053,1.79591386609752,-0.187171478045605,1.42578588303655,-3.15910224791642
1.48592980253328,-1.6992312414165,1.90905580608371,-0.184809791623769,1.19142475558625,-3.16274360115229
1.69096343326826,-1.52856699991994,1.82866575970452,-0.275678833516846,1.39527971939138,-3.15853007811588
1.66902719588793,-1.59729873604487,1.87291465791284,-0.251808118803785,1.3745189659037,-3.15916513700535
1.6316173690651,-1.51565128287688,1.7553506577767,-0.215899241956661,1.33718240519072,-3.15899897593167
1.69318695899561,-1.46665567450329,1.70204875043054,-0.212109458286954,1.39727214977331,-3.15932023624777
1.67742476421327,-1.61066561867036,1.91191527676229,-0.276748273853524,1.38291591679269,-3.15978199129543
1.72690017308479,-1.61982546756603,1.90406126970731,-0.260230271970316,1.43089486446929,-3.15875848806597
1.67859120834153,-1.60371877400771,1.85268768599571,-0.226174414732085,1.38355911992354,-3.1588901035713
1.51141216088058,-1.56707517661465,1.81501214818302,-0.224149572563431,1.21645760258382,-3.16245906153397
1.60266793193623,-1.58025009362644,1.87472963996758,-0.269428622538555,1.30803195542405,-3.16023002386905
1.4683931030098,-1.74624955672296,1.97814808575558,-0.206979388181902,1.17428697208519,-3.16438149261232
1.51916094733562,-1.72113786285017,2.01039820109502,-0.26400817092123,1.22385091998429,-3.16295889967439
1.51085701157394,-1.55523812201457,1.80704363955728,-0.227638544334219,1.21655038341256,-3.16161167276938
1.56469602354407,-1.67549201696328,1.95139216015579,-0.250925934437144,1.27003763261789,-3.16066097237598
1.611715937767,-1.62548649098297,1.83545787422416,-0.186027021445183,1.31689458629272,-3.15943635957013
1.62333123436528,-1.50644486642269,1.75880154778331,-0.229162661835313,1.32809589769652,-3.15936426382849
1.50565466751134,-1.74549983240102,1.94453725582834,-0.175542946172971,1.21071808245936,-3.1614313619097
1.64031630117989,-1.58848284312405,1.86365156722603,-0.250758213234261,1.34547752933792,-3.15909760576467
1.56195396073788,-1.55157519226847,1.84120061302076,-0.266218069918551,1.26776359900595,-3.16081534460021
1.7011980076959,-1.50070800670341,1.76475268041061,-0.240891673379375,1.40599866088178,-3.15813356643398
1.54393048607254,-1.64366579437829,1.87719613751832,-0.21009414299614,1.24913243023496,-3.16076222259174
1.67073674384921,-1.56145132747509,1.82043179539549,-0.235999351176173,1.37601855883741,-3.1591854002094
1.51111716070463,-1.75138126670557,1.95822322676993,-0.183602404434082,1.21686800947572,-3.16163883300099
1.50189186960919,-1.58915688188675,1.80640505484202,-0.193333855092701,1.20627044023577,-3.16141178112196
1.67922454323951,-1.62314310400494,1.9135117010784,-0.266501225924376,1.38348524744924,-3.15835902517669
1.4573385862882,-1.75729102174785,2.01839824271679,-0.237282235603438,1.1632093550962,-3.16299381366531
1.56212685025378,-1.61608857023981,1.86607892844844,-0.227047567412236,1.26720945188428,-3.16080819739841
1.70264471934799,-1.51261707517026,1.75720990604856,-0.221844623694935,1.4068244802495,-3.15817753216078
1.58819771044738,-1.70942109770332,1.93114091670482,-0.197740291583829,1.29328192353562,-3.16021296815948
1.58740689629137,-1.5564935409598,1.81012678268411,-0.230255915046866,1.2931529269885,-3.16031939362146
1.62580808751494,-1.59464835990941,1.81985252199184,-0.202440657171087,1.33167005553548,-3.15909093461805
1.68396497326118,-1.52168162916655,1.74848430997367,-0.20369696169312,1.38819817364129,-3.15961493832513
1.59539872254719,-1.69978791452611,1.95990464081495,-0.236405977807718,1.30104395943909,-3.16025201484669
1.70082968873074,-1.50771461596546,1.81085254875311,-0.279824739730268,1.40504215237635,-3.15930022810434
1.49353398140737,-1.68362307231824,1.93699550336002,-0.22986493194504,1.19936727064415,-3.16266557546364
1.69400530118331,-1.4623822962088,1.73728909631215,-0.250558488487166,1.39836917172628,-3.15856475269493
1.57054086296221,-1.66624315290603,1.94926459362023,-0.258985732076884,1.27638011268191,-3.16155522469388
1.62120870901378,-1.61416235576969,1.83279079616918,-0.195306473276039,1.32706620577426,-3.16004071015524
1.59568224530325,-1.64159865764449,1.91374223850096,-0.247779155605915,1.30164100566211,-3.16021701666212
1.50328356219396,-1.73552953715154,1.9827749468871,-0.223318369021306,1.20916515346985,-3.16260821791562
1.71873811912447,-1.57501833533867,1.79305622241048,-0.19482356358122,1.42341255669157,-3.15867630367874
1.72137270007474,-1.54453697723616,1.81407502239899,-0.245738009804881,1.42597152312747,-3.15889732095682
1.52512258127989,-1.59168196883377,1.80400285243288,-0.188917721859394,1.23047438403471,-3.1609998234094
1.46584981748791,-1.69451578710997,1.92570374605658,-0.206664215077339,1.17051894496807,-3.16336215855264
1.69623816339625,-1.53509447113734,1.81804725555527,-0.260141108673063,1.40046189621956,-3.1595681753854
1.58145191051896,-1.57663862514466,1.86570375410209,-0.264784899643049,1.2873192648972,-3.16043925656766
1.70816444719568,-1.53180143921767,1.79681048401968,-0.242731718956647,1.41212537366569,-3.15830910284507
1.49200693506062,-1.71251448599702,1.9281107326049,-0.192422630982876,1.19705041314499,-3.16188690086517
1.67800313247776,-1.58307251781425,1.82701450150224,-0.220886031163674,1.38304901995293,-3.15891244070571
1.60745823527684,-1.63131767842906,1.9081348267304,-0.25259405936688,1.31303490880605,-3.16070664291415
1.52213762483146,-1.5658744666344,1.85646414572602,-0.267378237358244,1.22805419252485,-3.16106486767232
1.48915621033919,-1.74898334318686,1.95154832042802,-0.179436959067808,1.19513527949094,-3.16243907479663
1.58249592805274,-1.6244617412341,1.8583471525718,-0.210907987092708,1.28820255837787,-3.15985779547654
1.55234189896014,-1.58337624021858,1.83668458204671,-0.230450610354743,1.25803350838393,-3.16030212335858
1.51626088561027,-1.60382816955213,1.83121948041137,-0.204343943250143,1.22209585957705,-3.16263428493633
1.60170201425652,-1.67607310672607,1.96380761139092,-0.263441094896033,1.30715334710946,-3.16128544532078
1.7038587480071,-1.64353175432911,1.8738447548194,-0.207392447426328,1.40825052404136,-3.15894264630615
1.65993166299019,-1.51585530523851,1.73389307762235,-0.195121726237596,1.36510290934509,-3.1594754417613
1.70941953507717,-1.56386710190517,1.81065525403978,-0.224631429543406,1.41439020032869,-3.15902669308051
1.54773205171512,-1.72381499973278,1.92550493700424,-0.178316833449041,1.25329269578159,-3.16070848936948
1.54133866812571,-1.69206473057519,1.9143728691127,-0.19944931848794,1.24715867710462,-3.16093191477992
1.60036105668426,-1.61064547943605,1.88902123869235,-0.253986889295486,1.3060150515456,-3.16011561124106
1.47805634914704,-1.6867030086728,1.89985196584044,-0.188458009436193,1.18380854316712,-3.16311981574911
1.68315209150078,-1.52452009749199,1.80534165028907,-0.257735328884372,1.38755471707369,-3.15802942061531
1.5897948081682,-1.64011186051071,1.90725131690629,-0.244681460045245,1.29509383426316,-3.16029043564029
1.69092499888858,-1.65857004568046,1.91871500672935,-0.237676364092253,1.39535894084279,-3.15805613485858
1.68126486882052,-1.50922678099986,1.80440894956983,-0.271021379903982,1.38580703928167,-3.15889314603697
1.60929488908562,-1.70549505235557,1.93526195271327,-0.207040905868271,1.31473114504696,-3.15937255174805
1.70804545147532,-1.47934902678579,1.74918024559907,-0.246012185667878,1.4120419775564,-3.15912246172852
1.53699677872412,-1.56341737754699,1.82797108771283,-0.241598362896589,1.24257819482049,-3.16222148687886
1.49627641691239,-1.73507026299393,1.96877702267938,-0.210777408055359,1.20217974625598,-3.1626431610676
1.63915967667802,-1.59599182255131,1.81866283242038,-0.19983647841431,1.34491707478119,-3.15926886054146
1.47709887987245,-1.65318477528358,1.87222631971358,-0.19574282184122,1.18251521527215,-3.1621367626998
1.60266497515127,-1.56450450618633,1.87159995517094,-0.283439643938774,1.30849422821109,-3.16037157292297
1.50344004903086,-1.66604897389481,1.89794883571059,-0.207918382229553,1.20923089256858,-3.161959290401
1.55167853435765,-1.60528658041035,1.89283225689247,-0.26311086151109,1.25742460067056,-3.16132961561409
1.5294710995559,-1.54641568460377,1.8247251368326,-0.253754315480699,1.23545097755862,-3.16237763801115
1.50720677195997,-1.65016090838941,1.87956497055793,-0.205042422974998,1.21251903255586,-3.1632730299868
1.73277759036093,-1.58307185954436,1.88020933189126,-0.273393959961322,1.43688134276768,-3.15757762144582
1.5632037661684,-1.68761450000563,1.98559681155162,-0.273678962336839,1.26827226288232,-3.16085879124569
1.5955382418072,-1.64023477063447,1.8738572390935,-0.210765269476445,1.2996815659914,-3.1606714518886
1.60372923852771,-1.53531964849727,1.75457777632352,-0.196334559946942,1.30814055230004,-3.1597034060969
1.7002924371375,-1.49274919662984,1.77016576094422,-0.254318128853666,1.4044871283636,-3.15863520075097
1.61508553109178,-1.67056927528976,1.96434357374114,-0.270780261609375,1.32101291994702,-3.16052428784344
1.69006315803187,-1.66913725485242,1.88220206904697,-0.191118172491719,1.39464909210845,-3.15913472313399
1.53515810737474,-1.54530020657217,1.78459836505684,-0.21628909133316,1.24062784680469,-3.16238662031374
1.60586046411041,-1.54160766745736,1.75954318913536,-0.195336460537878,1.3099110950308,-3.15938509164669
1.55940515915562,-1.58026788439446,1.84673336038401,-0.24373280130569,1.26491976841011,-3.16123660672167
1.5863132593491,-1.56304547137806,1.7878410924472,-0.201984167540592,1.29225331113553,-3.16059357697358
1.4922296259139,-1.61310830743638,1.88832367676748,-0.250845239106836,1.19799376116055,-3.16238673763408
1.49996089513763,-1.69676803210549,1.98916458331847,-0.267880632823311,1.20550366032747,-3.16225451761759
1.50130210777062,-1.75515350692169,1.96654957164857,-0.188016442492939,1.20730071557974,-3.16278244424731
1.70937245696053,-1.6289884912912,1.85261556668153,-0.201173513196509,1.41430528685607,-3.1589683775834
1.51751217551902,-1.64397753806164,1.89733991329417,-0.230647922018083,1.2233289763113,-3.16213331204402
1.71606731072405,-1.64055463319431,1.92556770334426,-0.261456007753177,1.42028690444069,-3.15751233811352
1.53768167045559,-1.59062735290105,1.87610084507034,-0.261363718597518,1.24315362161113,-3.1629804285002
1.59094732122363,-1.62738726209025,1.86949403286765,-0.21955651521002,1.29681039710433,-3.15962484618612
1.59537970196415,-1.55570994359736,1.80303915496491,-0.224706377782366,1.30088601037558,-3.16122817943076
1.53429412054911,-1.66112405424625,1.92223763311552,-0.23802904564275,1.23986599854817,-3.16123342718531
1.48856728299977,-1.58409546691211,1.86358861462191,-0.254801187573265,1.19417059479038,-3.16294196675245
1.5388934297758,-1.57890749177423,1.83544113391927,-0.233574877743996,1.244254843899,-3.16069327356558
1.64659250996591,-1.5045709990831,1.72229894150741,-0.195236643064457,1.35199990136491,-3.15921991058266
1.68109384522892,-1.48063951960986,1.76000829475927,-0.255391535315194,1.38529065756367,-3.15837969282876
1.53250522791169,-1.70231644641387,1.96469675887982,-0.239779318148135,1.2383980168885,-3.16092326112971
1.55981291465593,-1.57293151393246,1.81021919706561,-0.214306010544879,1.26489277009009,-3.16027601838432
1.58885534996841,-1.71840474516082,1.93197619932657,-0.191326099980604,1.29468731833493,-3.16095650854543
1.68914735509971,-1.52847985241471,1.82599895748926,-0.27386433352318,1.39326597473821,-3.15809301808752
1.4819484758473,-1.58477493354583,1.88897255959103,-0.280686075647749,1.18775284522013,-3.16190246668689
1.47669388072737,-1.61979445354511,1.92302170968381,-0.278629808074392,1.18223306085731,-3.16320002749478
1.63428298841987,-1.54859064952439,1.83412690186155,-0.262187620013401,1.33930034086721,-3.15903862771541
1.45769844551482,-1.75123980305694,1.99814793301065,-0.221988985428352,1.16333695668171,-3.16411540211595
1.67621136715226,-1.67045348938641,1.94020912346657,-0.246027416369677,1.38044804578252,-3.15981308010945
1.62141234004806,-1.51459098893768,1.72820007572479,-0.190440039302953,1.32707884835864,-3.15941340069062
1.47390858134082,-1.62207440139937,1.90565466884231,-0.259349337562865,1.17989277118872,-3.16394464400861
1.65277687819291,-1.49151421350658,1.7846507476257,-0.270886577317198,1.35867938426932,-3.15941079026666
1.56813584238689,-1.61675411278244,1.84722411615851,-0.207743036369684,1.27268434245951,-3.16046672933659
1.59991212094798,-1.51038205590536,1.77528676850075,-0.24248037422314,1.30541601495011,-3.16066014968511
1.59390242462094,-1.65674913676228,1.91882300540737,-0.239280152319056,1.29963636955919,-3.16054639942842
1.62851861330659,-1.50000119772571,1.73528284182489,-0.212466958217179,1.33433068988628,-3.15975204477993
1.6353091176293,-1.60298700937946,1.90715214138239,-0.280310413143289,1.34088963189168,-3.15919179669806
1.56540532357946,-1.63949770774038,1.91605180137325,-0.253103038737814,1.27057723327624,-3.16199426140691
1.65167750357893,-1.5025676471564,1.80080384348758,-0.274393846429237,1.35711540862162,-3.15921391568336
1.53002819772068,-1.64906899360516,1.88774761902456,-0.215510512011061,1.23580730637663,-3.16183988497874
1.57295951569877,-1.58339789080166,1.80199470090937,-0.195741569100863,1.27739222597462,-3.16012852336763
1.5518159129318,-1.61242244250097,1.87650914494082,-0.241629728076982,1.25760453561805,-3.16129705547837
1.48485430154793,-1.66938102946606,1.94844061280313,-0.254293716325241,1.19088722374142,-3.1630213110163
1.6451895179504,-1.5487641545386,1.85206039688277,-0.279383353495524,1.34983243695884,-3.15916193199691
1.61371604611731,-1.54604211321046,1.80678996151219,-0.238425700338843,1.31962735734036,-3.16015073415768
1.66187026001121,-1.54045143527038,1.76717673948742,-0.204294531055354,1.36774757775552,-3.15897600202596
1.73180002160762,-1.58579769832788,1.86593601318624,-0.256488841603598,1.43628139966931,-3.15848543623774
1.55791249938307,-1.6018668892771,1.8403792381143,-0.21594588941439,1.26377587985043,-3.1620815972164
1.48118588158748,-1.70075485885745,1.95308104221139,-0.228269753170786,1.1852795775198,-3.16277579403922
1.62793491837505,-1.58913880099933,1.81436399731182,-0.20294377397125,1.33390035958465,-3.1591133823533
1.52267290905049,-1.59933764661391,1.87293676875079,-0.248997338222283,1.2282804736678,-3.16178129746075
1.64869063980693,-1.54411915433465,1.77521831229551,-0.208905476409766,1.35461056578208,-3.15869993707414
1.60611372146495,-1.53863790955008,1.83336647842986,-0.271070896235131,1.3119489784197,-3.15996624058812
1.64482404288268,-1.54088200335177,1.80548483040743,-0.241399298279556,1.35026271694269,-3.15986389406014
1.62917958794277,-1.63633439677239,1.93312466155199,-0.27426681409512,1.33494553629622,-3.15962439446128
1.61671602620114,-1.57409221861495,1.83706480803048,-0.240413166829172,1.32259066870001,-3.15934571640233
1.60212478794903,-1.66064927221266,1.90111155149488,-0.21982195324384,1.30786971412728,-3.16063620310263
1.70642797165412,-1.55749897926393,1.82009217688101,-0.242206364907575,1.41093871268193,-3.15854038976692
1.59016957383881,-1.59417620729842,1.87864366423936,-0.262830962630095,1.29542783463475,-3.16145204570708
1.58204228856597,-1.63792539875623,1.87854637458637,-0.220037261912092,1.28778467885914,-3.15982658577712
1.51644129232723,-1.66776487737685,1.92774000876973,-0.237912163106348,1.22218159687079,-3.1616434836769
1.48040402659223,-1.71402221111873,1.96757572544188,-0.232297509059001,1.18593818166111,-3.16228604726692
1.67497727337105,-1.5840006835283,1.82946366801879,-0.22508487218614,1.38086542830936,-3.15846324824433
1.53363312351245,-1.71109326209535,1.95632114489875,-0.224337808703683,1.23953874170342,-3.16091654478358
1.62560088464923,-1.60867530039766,1.87895202184466,-0.249147789751142,1.33132866364008,-3.15949540407548
1.63297012230224,-1.56882147184655,1.84579175990957,-0.255894431633364,1.3386677029529,-3.15930956688707
1.55481196372374,-1.60948123609768,1.87154194775105,-0.240886329644777,1.26039496379311,-3.16128107880171
1.69748447503478,-1.47106333090367,1.72718964453006,-0.235553899758609,1.40188462466552,-3.15921821344935
1.55280451556604,-1.67419307503307,1.90613612809541,-0.21104074278209,1.25855074986113,-3.16215964167302
1.57119368035815,-1.71262262870908,1.94707498756991,-0.212308322550755,1.27720544364582,-3.16168476212102
1.69406795745102,-1.60164162113421,1.90093398056058,-0.278295732849309,1.3983591282499,-3.15928561133039
1.63048978566287,-1.67187953616397,1.88801216852371,-0.195833466827184,1.33614143165195,-3.15911468185578
1.66442243450756,-1.58071008733966,1.81969818102561,-0.218269349776757,1.36980183446339,-3.15888124884394
1.62940555520664,-1.56643412009546,1.84109513629051,-0.25302958678584,1.33498665525338,-3.15973206291919
1.51706393807953,-1.57262559130879,1.78949460155925,-0.195283613253553,1.22300236993801,-3.16146767919153
1.69146678493308,-1.57609959742075,1.8175992890368,-0.220814520109354,1.39637186652512,-3.15851934464498
1.6674687481585,-1.60168117295139,1.87251400427553,-0.249468753340883,1.37327865774034,-3.15917237686634
1.64370440272883,-1.54488961878547,1.7719403423786,-0.205733585704692,1.34929210535569,-3.15893547494061
1.47641841718665,-1.73623800882333,1.96461996952766,-0.205208868540137,1.18236491266416,-3.16357409232684
1.50109284058531,-1.57536122052116,1.83035508981834,-0.23339508930518,1.20682939225894,-3.16242413031155
1.6531367701539,-1.68263458862919,1.92891908282838,-0.225677010857606,1.35915114294524,-3.15977166573568
1.57719837556261,-1.61030135997779,1.89898102065201,-0.266045509554155,1.28187122428507,-3.16071161270723
1.56324947230269,-1.61098871320691,1.89514818621223,-0.261967645913425,1.26866191647609,-3.16072906010022
1.52247152261902,-1.54591607143048,1.82725748522104,-0.259469859530513,1.22839038530384,-3.16125623988358
1.51130845159695,-1.67891852311484,1.89648546206823,-0.196454639690295,1.21661553947758,-3.16252025521869
1.65401577034784,-1.5739088999145,1.84750753630794,-0.251381542707295,1.35912488283006,-3.15922009838962
1.56358324823387,-1.62649550525031,1.92212175027278,-0.272906976917315,1.26844444901225,-3.16111149249191
1.67045015942851,-1.5098781633089,1.7241699722185,-0.19339313082027,1.37632210523221,-3.15882530755229
1.52793697560054,-1.708529768659,1.91457148902968,-0.184566900206143,1.23393091636523,-3.16087779542475
1.59761469388309,-1.66268342066676,1.95197733717952,-0.266508525162616,1.30333351588703,-3.16157709915955
1.64459066346808,-1.68522833783621,1.90594124255097,-0.199661683453689,1.35049428354763,-3.15978879929973
1.5076387805958,-1.60278576254297,1.86785554089481,-0.243489141123615,1.21328419918471,-3.16126234524919
1.66369475013734,-1.58605790802848,1.80129874503789,-0.194446856653495,1.36877641393676,-3.15860726155398
1.69943472354099,-1.61184746091753,1.88431916151574,-0.250943264018527,1.40378173406978,-3.15874485458187
1.51833666282041,-1.74460035593595,1.95304898551179,-0.186574838063356,1.22402175704234,-3.16176429194271
1.48105649897132,-1.72773945917607,1.95545823641421,-0.204686229438799,1.18714115490829,-3.16248236632075
1.48126820631395,-1.61434197849072,1.8340758483556,-0.197491541985551,1.18720493700317,-3.16228621250564
1.72408061138138,-1.58597072078403,1.79795868212428,-0.191002619381733,1.42896784776742,-3.15817581747083
1.49298486601816,-1.55176887348385,1.84983047808851,-0.274145571507836,1.1983904753342,-3.16242259812804
1.55068778950965,-1.67602179910783,1.92248968316112,-0.224586460745094,1.25678899746351,-3.16071969997185
1.66006612379867,-1.51071338378251,1.80475856675732,-0.27119843267833,1.36594736888063,-3.15929361669902
1.62559594807325,-1.66797337728989,1.95246952846269,-0.26185702932522,1.33162338133378,-3.16068890696533
1.63494078645261,-1.53174625463789,1.75032345757438,-0.197155338749632,1.34050734292352,-3.15904355890499
1.62863209318803,-1.5190741718397,1.81576077725636,-0.275125451534061,1.33451995553192,-3.15913523531642
1.66534318100371,-1.67343845298035,1.88682182916834,-0.191548292437278,1.37125622052976,-3.15956740961583
1.57534819929521,-1.58734382775431,1.80814497803429,-0.199185933645528,1.28056013795593,-3.15988434833678
1.51910645734815,-1.63905331532745,1.8944318117484,-0.232880555283826,1.22497202086219,-3.16131678803853
1.68268137718496,-1.59802198312822,1.87961753264739,-0.258575502481207,1.38763598091982,-3.15917296597872
1.70136278568507,-1.51882273950041,1.78884311082405,-0.246947438304413,1.40582369359029,-3.15951864171128
1.63521623768007,-1.52165219443399,1.75926192167193,-0.215700679142092,1.34085360575467,-3.16005428481297
1.69136097234101,-1.51986023469239,1.79710341931046,-0.254381704010562,1.3955618191161,-3.1594513772195
1.68195160147556,-1.54198608106412,1.83067369178398,-0.265873847492315,1.38640045973541,-3.15880410568309
1.62469797816033,-1.54628854933034,1.81510880858074,-0.2472416122268,1.33056349835645,-3.15923470001277
1.62176510527111,-1.57895574361733,1.80677281247304,-0.206044136147895,1.32697420554412,-3.15899209112413
1.51836810397416,-1.74211380950914,1.95027426021142,-0.185461685932929,1.22363126288405,-3.16162999412379
1.58615379416845,-1.52134050464344,1.75985712860178,-0.216432385732157,1.29104660082473,-3.15969568138406
1.54262866773079,-1.59277342203439,1.81661718990879,-0.201939003121589,1.24861904830139,-3.16053785564346
1.59360963939859,-1.57451745797959,1.79553868011178,-0.199302421949728,1.29852219505105,-3.16033951520301
1.69501344122721,-1.49713358289976,1.76139392937611,-0.242217206638556,1.39925248798296,-3.15962837741212
1.51522152201552,-1.59089941654753,1.83940892130832,-0.226316584606749,1.22132324031165,-3.16212383920352
1.63909623228963,-1.52496586731863,1.81602352284964,-0.269119953489642,1.3451595355421,-3.15893454082602
1.51645526073173,-1.73957313349041,2.02503824107113,-0.263178372678098,1.22221289699672,-3.16115231532464
1.6228623880127,-1.56949861224204,1.83576967916427,-0.244375166421656,1.32888905729525,-3.15906707984315
1.56915618124292,-1.55432170919852,1.78384533796483,-0.207129522671307,1.27456000212741,-3.16025453580388
1.69445158119163,-1.64826850631182,1.87525767548965,-0.20566451207305,1.39883455608658,-3.158756343723
1.57306414060377,-1.60099330994839,1.90247038521189,-0.278551331020977,1.27875639408243,-3.16100876516071
1.64659099870854,-1.66825497782898,1.89829141190703,-0.208701093728907,1.35216519322598,-3.15860798034139
1.57880955152726,-1.54837541431676,1.85200207234855,-0.281697541037475,1.28440923398758,-3.16072239710777
1.69337208071468,-1.52810419994821,1.76811941399395,-0.218521444861105,1.39783237910624,-3.15880170633496
1.56443584772223,-1.64734011798536,1.89917437674875,-0.228009179587148,1.27021671732192,-3.16197968442218
1.5962661197363,-1.56363210515001,1.84558283905736,-0.258259867611117,1.30174986149711,-3.15999954668824
1.50713349842717,-1.58509865067395,1.86650037280987,-0.257175704774076,1.21239539894007,-3.16292997517818
1.57316210049984,-1.65167370171774,1.87301628923138,-0.199464640793869,1.27920668293764,-3.16084952693493
1.55560243083396,-1.67293262773669,1.94420193740451,-0.248141942354772,1.26132209607256,-3.16076327477844
1.59919847002076,-1.63693421207044,1.86229313376436,-0.202927612939857,1.30518722971781,-3.1598308623788
1.53110134744576,-1.64138118883663,1.90783066126918,-0.244338028939586,1.23655866061584,-3.16079212857396
1.70418847390685,-1.49678159005337,1.76474190574823,-0.24538514541112,1.40871016643739,-3.15850477566541
1.64977870881553,-1.58809058540674,1.85431485556344,-0.244481335689852,1.35583926016537,-3.15895073933826
1.65416612261556,-1.61538813207523,1.89530400112407,-0.256528267410559,1.36010647595093,-3.1592807546092
1.62481932482237,-1.70853046151475,1.92285088679249,-0.192271891471819,1.33084080976331,-3.1594675992206
1.6892553751564,-1.53485183831919,1.8048169677385,-0.246429319966421,1.39431522964532,-3.1589041498132
1.67831378411618,-1.56828606514765,1.83622164353233,-0.245493858115947,1.38295663364753,-3.15934423226003
1.57728938098953,-1.61631298671192,1.84603014058577,-0.207298927731513,1.28272466531833,-3.16151620046073
1.54395234750317,-1.61417202228119,1.91559099972059,-0.277431660109874,1.2500938710613,-3.16168472532658
1.50834164594709,-1.68329057675134,1.89160249905124,-0.184875564161045,1.21450152188726,-3.16241683045119
1.50909414537678,-1.60970551312013,1.83634268303977,-0.204047442092662,1.21472835266975,-3.16218617420459
1.61179552957687,-1.58031054644215,1.83701693172567,-0.234862619852288,1.31771774709095,-3.16035871406094
1.5212739042227,-1.74020367799502,2.01553924124203,-0.252252321370406,1.22712447016008,-3.1620261927969
1.56253933086545,-1.61884997830201,1.84560100859076,-0.204687566061015,1.26846171426715,-3.16065362094281
1.67023160148117,-1.65619586737419,1.92569491124949,-0.246018535080001,1.37572361166254,-3.15985411214407
1.51421030484886,-1.67658758574744,1.91117072455712,-0.211827425348694,1.22022323506781,-3.16190105077385
1.72062216086588,-1.53471665036399,1.79596068637423,-0.239663051727313,1.42524783244803,-3.15816776065471
1.47864511223258,-1.75710541605317,2.02493139991617,-0.245501388730807,1.18405732502084,-3.1626986568693
1.57210363675717,-1.64977784192949,1.92237984167905,-0.249281540270736,1.27792467064164,-3.16125075118667
1.48698764462082,-1.57294794859267,1.80974486355754,-0.214077101245804,1.19260902370732,-3.16217640063982
1.48746519830484,-1.69230816644196,1.90951158384145,-0.194245970111479,1.19301455447246,-3.16173217747567
1.69558584705503,-1.58561129838901,1.89044969051455,-0.281651025933401,1.40027755455384,-3.15855500907368
1.66091584386732,-1.60377060556537,1.84294235530745,-0.216983068209752,1.36685986796763,-3.15889670275537
1.57246668082843,-1.60062377995302,1.8690748849503,-0.24524199353707,1.27861183972974,-3.16080997162958
1.65221448911216,-1.50232788964704,1.74497172596005,-0.220234342470258,1.35813913395672,-3.15999976548766
1.55925973792269,-1.66581635817063,1.93612732951949,-0.246226716215522,1.26492637461367,-3.16235822370463
1.68208305429701,-1.48066635283765,1.70482731687297,-0.202113542050731,1.38653690573751,-3.15819238466541
1.60780499914189,-1.60352006249934,1.84253229467928,-0.216781357711622,1.31295041530008,-3.15924360546313
1.6588056051905,-1.59675453986884,1.81784253204322,-0.199214280585982,1.36486562453867,-3.15883440271852
1.59071961943452,-1.56209936144922,1.78169984380502,-0.196930984562628,1.29651148330113,-3.15980314532328
1.67702531371283,-1.48257644996482,1.76258393675376,-0.256252078797233,1.38276603929431,-3.15910443872361
1.60331152853341,-1.70403044326764,1.94664152670249,-0.219981540496067,1.30922793278464,-3.15949741869493
1.5326606441911,-1.60725701366935,1.82809296417782,-0.197799657790455,1.2385992131479,-3.16125308348689
1.6860147195569,-1.5732045823472,1.81121138492584,-0.216098247494503,1.39074139473935,-3.15906505696816
1.61453399041045,-1.56460310572346,1.79234627067388,-0.205481661427829,1.32020711822556,-3.16067161224541
1.71122024901798,-1.5575775798814,1.78013141338783,-0.199629767798624,1.41582129058206,-3.15896695385902
1.64149603922759,-1.63520174661601,1.93212034391535,-0.273278457648029,1.34725489868527,-3.15921729233589
1.71347234999526,-1.58916260564393,1.85178140705238,-0.240817095717627,1.41807902593174,-3.15921317680669
1.54155406273365,-1.64806166840395,1.86968757155234,-0.198021810638196,1.24693257425787,-3.16129945720142
1.48195906350468,-1.63467403080733,1.89771282918818,-0.240017230140816,1.1871588483513,-3.16296608056047
1.56225217789798,-1.58342971551638,1.82320835183008,-0.217524051207009,1.26794530908611,-3.1610507283045
1.57966895465587,-1.72808787367961,1.95498224104974,-0.204606704687088,1.28571879644636,-3.15998528563624
1.5949842834051,-1.53196625441787,1.74623081488742,-0.191488890972409,1.30110730465247,-3.16073805975448
1.68017595766814,-1.47141252597351,1.7478331797135,-0.252523957654124,1.38498170719855,-3.15847787711182
1.70618358103901,-1.48582224359171,1.74515132481873,-0.236993693452013,1.41058756713371,-3.15894000183273
1.48284321543352,-1.71578920816885,1.956400488984,-0.218095715948928,1.18899076799141,-3.16230077807842
1.46538054689849,-1.7552809604671,1.95274236147227,-0.174687386042729,1.17151593924992,-3.16205153691284
1.70667146451571,-1.64163760325758,1.87776323818685,-0.213617308860456,1.4114258374477,-3.15915897224443
1.62869084019781,-1.56601879635339,1.85912846919217,-0.269872985280763,1.33375073545345,-3.15955425004201
1.51482529794229,-1.64915333436322,1.902775655751,-0.230921396601129,1.22088809808609,-3.16218930971131
1.7221977298709,-1.65025002352846,1.87559529642034,-0.202747464749292,1.42639062535338,-3.15781928684832
1.50603375531666,-1.58026280466413,1.8505445800401,-0.246968029390143,1.21201935553408,-3.16225346406236
1.60475900437241,-1.6804089466983,1.95408558096378,-0.250051374843428,1.31086157492882,-3.16042551036611
1.6310211309332,-1.56682827892828,1.81233196109209,-0.223339722070082,1.33641618911693,-3.15879821895865
1.61584890662857,-1.55214451006512,1.82093770845139,-0.246645564828108,1.32158524933011,-3.15958398465251
1.56931580170459,-1.67645840955951,1.88482267193738,-0.184286294024783,1.27539109069636,-3.16215390673298
1.64781707963032,-1.58102030866111,1.82118690827974,-0.217855036099192,1.35349443313671,-3.15940721747116
1.67958091835662,-1.50060177098428,1.75776490697742,-0.234866730869069,1.38470174995385,-3.15891760347302
1.6821711049783,-1.63445571667435,1.87796983137838,-0.220146732015428,1.38648037921065,-3.15921521664228
1.70895630177896,-1.53134533483276,1.80640165719323,-0.252333855541596,1.41325242339493,-3.15868445780288
1.60897884991787,-1.56053996629286,1.81373995538124,-0.231018082368942,1.31495389481526,-3.16108565191937
1.52991651205276,-1.60212739222805,1.88982701340122,-0.263163147296537,1.23484285876645,-3.16146600470386
1.59575138702528,-1.63277832631293,1.89653907475687,-0.241146840959642,1.30157389699672,-3.161015735868
1.62352534845699,-1.68498635868485,1.89935004855302,-0.191183599448737,1.32870962451164,-3.15930842921469
1.49435365516276,-1.65811717282351,1.86661451998294,-0.185537344538791,1.20049455671232,-3.16193484288569
1.57468503929714,-1.57132593040826,1.87097823940413,-0.276616132385389,1.28044746361557,-3.16052912942613
1.58887046048025,-1.67305692727124,1.90615893407443,-0.210735733339649,1.29397994373782,-3.16029242560048
1.63587596872267,-1.6791771531863,1.91848736517202,-0.215655466214287,1.34126335354647,-3.15991092822173
1.47869283657824,-1.74141605494773,1.95824145695133,-0.193566828385053,1.18461188990584,-3.16231937020089
1.57010696292787,-1.64582051668065,1.89365685000913,-0.224849726263614,1.27622781279344,-3.16128245345003
1.57055323961006,-1.69188917424422,1.89957967475981,-0.184962192423377,1.27632382503331,-3.16022952985583
1.70550565796537,-1.59253577221436,1.82079235478933,-0.205678030304387,1.40985377710694,-3.1588801167948
1.70634199493314,-1.54200619995801,1.79752415737813,-0.233222674180603,1.4105010505789,-3.15911986528536
1.61985940678286,-1.67952400741096,1.93094512430905,-0.229194419046908,1.32566384501046,-3.16076219393069
1.50836369348584,-1.60109549497718,1.85773284254669,-0.23373731099347,1.21353027793872,-3.16151247347117
1.50734480422906,-1.64019058605302,1.8950229714966,-0.231758998897145,1.21339424033155,-3.1614663879421
1.64729578292735,-1.55834370972602,1.77273977599498,-0.19232528113989,1.35316461731863,-3.15907816013323
1.67257442991129,-1.46819512413627,1.74604882851087,-0.254454782666275,1.37849147570675,-3.15981758757644
1.45835049931218,-1.76026279373024,1.99004529349522,-0.206493864098736,1.16349504404922,-3.16259701551472
1.60527702087966,-1.5737657583081,1.85021795589026,-0.2534881403752,1.31119907637228,-3.16050667067588
1.57136083673978,-1.51536225166003,1.80175344164175,-0.263251141452066,1.27658840695397,-3.16014892123473
1.69809234971507,-1.52827270857811,1.79678771544619,-0.246460228746895,1.40276510117954,-3.15919502365747
1.71083793994774,-1.60569871296609,1.86385803788071,-0.236283061141044,1.4159886407174,-3.15820572216358
1.54542752961371,-1.7108213607996,1.94851963605287,-0.215209556081239,1.25149163167783,-3.16122527427654
1.51476072496619,-1.59260738139521,1.88528058452578,-0.268090799075443,1.22078593309588,-3.16192840378372
1.69861439453155,-1.48200461155798,1.76139575277051,-0.256224945796726,1.40297325789796,-3.158760271149
1.58847219276726,-1.55193867728623,1.84971027329087,-0.274783120679659,1.29446173356097,-3.15983577747431
1.58884463165821,-1.63137823563307,1.8998059130393,-0.244474806065506,1.29471225536503,-3.16081549662415
1.66174987096084,-1.5157786531252,1.79730183105538,-0.258709024328176,1.36782666050306,-3.15966982295694
1.67797168760348,-1.53906492108922,1.78423950200245,-0.223139480747302,1.38386146992016,-3.15844204197221
1.64667868274804,-1.68098607452216,1.93817212636715,-0.235355004875811,1.3519994131237,-3.15891747080534
1.48751938339897,-1.58064034441656,1.84765699684429,-0.244126232730944,1.19281597113816,-3.16281021582392
1.61157180393956,-1.591052284892,1.82234665575667,-0.209065964760663,1.31728310457668,-3.16090796610579
1.65619085789617,-1.48571466965913,1.71322839583405,-0.205265567157978,1.36232493582648,-3.15941936565946
1.53335842121654,-1.71041196960829,1.95031247766293,-0.217289521004034,1.23888817852476,-3.16101395794335
1.59768057011363,-1.56530659417811,1.7938373761988,-0.204659771498823,1.30347374621285,-3.16010202253605
1.72163387900291,-1.59879519776633,1.87334591804376,-0.250926851649636,1.4261320529153,-3.15836680002566
1.60227722916639,-1.70835565642004,1.97660466634234,-0.245360891769621,1.30795628704152,-3.16082182264939
1.49968347124832,-1.71327764792188,1.95922877244089,-0.223082502710897,1.20539535159157,-3.16158976997774
1.50758652272271,-1.61113676233216,1.86626596196794,-0.230492994511915,1.21312864364925,-3.16287409820525
1.70447676082226,-1.64010812646286,1.87533094632045,-0.212793122212018,1.40867725560412,-3.15754773301437
1.65597954184027,-1.62173816496696,1.89136205779351,-0.246407133489781,1.36171476061248,-3.16022805932043
1.52306861922243,-1.7519993643092,1.99452533030156,-0.219750124594217,1.22868858662389,-3.16117984633809
1.65736751859898,-1.54206327628287,1.76998667939287,-0.205290995282094,1.36347288682492,-3.15883298450492
1.62354049001442,-1.58980484461696,1.83513310420089,-0.22284894765555,1.32968260888163,-3.15947426402584
1.67854699202723,-1.64589603410922,1.91630698055353,-0.246745231607135,1.38290314524441,-3.15972978653722
1.69136254903564,-1.50151286017376,1.78887057168074,-0.26441331138205,1.3957698019619,-3.15831706135878
1.66026344907939,-1.58179171616449,1.8784936570525,-0.273770332044427,1.36610593319471,-3.15917949354991
1.55411950848153,-1.59322926074885,1.85980877333162,-0.243904949094753,1.25921579593006,-3.16204046431927
1.7201160290335,-1.56983475262372,1.78291273974925,-0.191049995040767,1.42451665207073,-3.15748544974022
1.59392624223734,-1.61209892852203,1.85736986639938,-0.222355993704022,1.29976800562411,-3.16035101705673
1.63219522815796,-1.67745665026155,1.91511996265544,-0.215052467586242,1.33833596399867,-3.15979182983325
1.47415539412747,-1.68668943395469,1.97367332139961,-0.263099509311373,1.18012086179918,-3.16248650810594
1.48412254733154,-1.63049434828537,1.9290058807176,-0.275067882781538,1.1897401502041,-3.16202370295549
1.64885018991216,-1.56457001445725,1.8184963124,-0.231600295098562,1.3549411300696,-3.15969284921861
1.59080535995694,-1.60248046432103,1.9073841409195,-0.28091534640476,1.2959958519682,-3.16084873353289
1.7078188246588,-1.55364538902558,1.79216825068225,-0.216107236886493,1.41217921495442,-3.15767639041965
1.65076855506125,-1.68791744547035,1.93187954682279,-0.221228472216318,1.35679488549233,-3.15999956086634
1.66592256881238,-1.55817277352162,1.85925058145356,-0.277903034219094,1.37120149240977,-3.15932671244387
1.53005100215006,-1.75433233620285,1.95767592710004,-0.180096108940442,1.23592299402239,-3.16108821559708
1.67498291421464,-1.61129182898969,1.8361098618611,-0.202692488754496,1.38103598865743,-3.15952941570836
1.68548653034846,-1.46779191516565,1.75077400874206,-0.259441430480581,1.39079596579427,-3.15842893959413
1.50032166191034,-1.58171435333482,1.81158776360906,-0.20613299710847,1.20541157988784,-3.16219456555885
1.54574396667761,-1.70904242741407,1.9318834985739,-0.199725262367554,1.25178210827572,-3.16099360271864
1.52453699606334,-1.56676431807146,1.78600210783824,-0.196470088679758,1.23015989445433,-3.16262885430583
1.52718734875202,-1.71946426366131,1.96202472499258,-0.219522860193497,1.23258132743583,-3.16130227725327
1.59899805917207,-1.52879645543545,1.73999182381278,-0.188815903494008,1.30477204886675,-3.15989054000106
1.70497433318627,-1.64997307348782,1.92627825620277,-0.253233073671761,1.40916941064768,-3.1584158192537
1.67886940980739,-1.5238691167763,1.77000536247991,-0.224147783731014,1.38358732128735,-3.1581422121919
1.5591297843191,-1.57489044782629,1.79848153856261,-0.200972797201692,1.26431462730586,-3.16042836899116
1.4895434998694,-1.59628722050029,1.89294209740495,-0.27203981900442,1.19555993888604,-3.16322936196942
1.52797860959754,-1.6626062839966,1.91918691318843,-0.23414595208601,1.23367578631186,-3.16115552597182
1.49727375917752,-1.74450378669755,1.98898860458485,-0.221744407236279,1.20269050639547,-3.16294657957179
1.52750468490958,-1.66256488645695,1.91802662120828,-0.231570578807585,1.23328904164281,-3.16160534622345
1.58821304229661,-1.70357511533952,1.98556402257268,-0.258721745166659,1.29303605948723,-3.1604061207118
1.61154054367231,-1.52029239858635,1.79068407032489,-0.247834224542098,1.31761972030224,-3.16072655917807
1.67527263848636,-1.59069775365894,1.81582518998354,-0.202755221128438,1.3805620241254,-3.15873635705213
1.51482550350916,-1.63041405652798,1.88008317467387,-0.227018183681337,1.2202502833244,-3.16102519557394
1.68719108646845,-1.54954136663615,1.79366831047811,-0.222088586509312,1.39183760126624,-3.1586830934277
1.59154617634708,-1.55806233175839,1.85442686716116,-0.272183476014725,1.2974350106284,-3.16076755194431
1.71152398341493,-1.54971253234362,1.76270638459163,-0.190601976726863,1.41622036613546,-3.1583108156903
1.54190065083223,-1.58372708612271,1.88029581160513,-0.273074810091651,1.24791770908315,-3.16097653712981
1.69870688216265,-1.47708637590189,1.69858164716312,-0.199388009883474,1.40323449636422,-3.15935289727956
1.73068447258359,-1.62378456977926,1.87120927528018,-0.224293008780445,1.4351951779634,-3.15901518009206
1.61321429359916,-1.52892385352651,1.74601726401716,-0.194616574606362,1.31867867815794,-3.16023576399068
1.56220411895296,-1.54600871131639,1.8192607470497,-0.250686509716504,1.2683008588606,-3.16019203162402
1.63581799675501,-1.55333127742477,1.81814988525504,-0.24274086855077,1.34160362257654,-3.159290863846
1.52475817998136,-1.64357063119394,1.86280829358852,-0.195984326056622,1.23016876118874,-3.16193450590817
1.72789037973402,-1.58477491965066,1.81910813146619,-0.212334422559105,1.43260580817972,-3.15844561252313
1.69741196542364,-1.48951889639827,1.77955726793287,-0.266685206963015,1.40157548886873,-3.1596900432633
1.59442320166772,-1.6950871205731,1.9526576865934,-0.233709678771826,1.30013465880159,-3.16127523469409
1.51996215965107,-1.60078077230704,1.8416187033873,-0.217601192418312,1.22465389752821,-3.1611564229045
1.65461455608138,-1.65659495982958,1.89157377151722,-0.211554939181577,1.36053042145508,-3.15863228146755
1.69813856368552,-1.66112582940352,1.86813569538755,-0.185273302203885,1.40231047913432,-3.15866552441016
1.5020523529345,-1.61924676485458,1.87380167428224,-0.231707245938981,1.20789493309459,-3.16235950743366
1.49681845340771,-1.66540328422853,1.89372166785481,-0.204122981922135,1.20294713553681,-3.16225059509511
1.58417867122103,-1.59463336523025,1.88681777995444,-0.268925987879271,1.29004525975107,-3.16029163711076
1.46766936872607,-1.72409158848122,2.00047128379251,-0.252284506072902,1.17372906627311,-3.16320292457501
1.49124424796521,-1.56848975606311,1.85862494435722,-0.26566801863333,1.19722178338636,-3.16321911537455
1.59885764311744,-1.68779887896479,1.92253891445047,-0.212584817957776,1.30474375069647,-3.16023406249857
1.50947470447873,-1.65436005200465,1.89355883811876,-0.216036127585504,1.21531749666448,-3.16147727752686
1.49042305662572,-1.75310319382327,1.99459310776559,-0.216978215602287,1.1959659312272,-3.1622722887326
1.67088793422822,-1.57160934734155,1.81449777806657,-0.220473984851035,1.37634454609089,-3.15817722092101
1.70009014836115,-1.52971156267389,1.7830525761154,-0.231345048268133,1.40436811789111,-3.158969299818
1.48370531055557,-1.77682718263497,1.96945316355797,-0.169290571226327,1.18973009664014,-3.16256519509971
1.52258770183659,-1.66510450197096,1.90256688096915,-0.214032825700701,1.22873950410126,-3.16219828554441
1.62653678394797,-1.60032844403524,1.86746084229211,-0.244296929300892,1.33228289984401,-3.15908617323218
1.67397129123659,-1.60646654256027,1.91082300515826,-0.281842547106748,1.37996300655441,-3.15870962168963
1.57069886470624,-1.69735819580662,1.98614950664101,-0.264689228890036,1.27666412086268,-3.16090191307612
1.67117153423053,-1.55120408632316,1.85808106376709,-0.283048512469668,1.37695922912118,-3.15909424910187
1.49997772035885,-1.63129498751546,1.86480157085776,-0.210619430693067,1.20486690440391,-3.16139898216744
1.62339639223477,-1.66993412930533,1.87666056583265,-0.184270159978594,1.32925011455673,-3.15970434618575
1.49194164749177,-1.57587811460905,1.79616016625377,-0.196523326911751,1.19810196804639,-3.16178255303498
1.59184971775182,-1.67731898108603,1.92925045555626,-0.229602979754256,1.29768216858424,-3.15996518895123
1.57544059397555,-1.59652593711176,1.85911180882404,-0.23986573720847,1.28089268498334,-3.16028465784466
1.59716187238258,-1.54532432605685,1.80131955777708,-0.232142835497695,1.30239561475634,-3.1602775617737
1.70938575963244,-1.47650711302275,1.73360892373321,-0.23367341498519,1.41362869359325,-3.1583254562989
1.5636611718301,-1.73637827235394,1.95479624815485,-0.194810318853369,1.26905599449214,-3.16027085721551
1.48330666895258,-1.64424714925128,1.85299374227424,-0.184734649603837,1.18866712834695,-3.1620120464657
1.58908552110442,-1.58295429381966,1.81239541625284,-0.205192703447119,1.29462720515999,-3.16010934448157
1.70203653845878,-1.60508230020486,1.85723322199443,-0.229110131083548,1.40687661227813,-3.15908291599643
1.68643181014173,-1.50416016204121,1.73382566823548,-0.205874994984665,1.39072848371427,-3.15906512026764
1.64674366124717,-1.53669148547831,1.75411537254719,-0.194076973988796,1.35077688915131,-3.15943240477978
1.58763968763622,-1.70739935172803,1.96898679196351,-0.237505815858959,1.29304761183979,-3.16096077582843
1.73067431532303,-1.61937202032582,1.84235540318269,-0.20003614465673,1.4343262598329,-3.15828290670619
1.73367239124275,-1.64085574425686,1.85038270360108,-0.18620904426382,1.43736549836489,-3.15835548010218
1.63181732416679,-1.65029008252182,1.94143415428178,-0.266945451238599,1.33717865229059,-3.15974621545225
1.51456593943751,-1.66205344611046,1.92533226903548,-0.239698407037373,1.21993215654005,-3.16290246453336
1.61180680852736,-1.70704560163436,1.95654803062246,-0.226657764846575,1.31690210534553,-3.15910856253567
1.49178046720703,-1.62718312174034,1.8382273821512,-0.186408892748879,1.19745604840723,-3.16204226688726
1.49287331950342,-1.65049905283673,1.92697007154101,-0.251325148626305,1.1977130122917,-3.16366694160288
1.51349789856503,-1.68465782364246,1.9229696409916,-0.214551868223706,1.21910970128789,-3.16230024995797
1.65520551102565,-1.66936610602897,1.90019426989484,-0.206875482829644,1.36085558824838,-3.15982397027366
1.71294017378221,-1.55613177387887,1.83249626092661,-0.252567180430245,1.41697838039592,-3.15895748386404
1.61815466387897,-1.68904048146061,1.93154669337846,-0.218914052356556,1.32346579005002,-3.16057206677652
1.64793185444672,-1.68274032278894,1.90941505756143,-0.203900870504365,1.35356033759968,-3.15914060186688
1.72567580237717,-1.62201944892189,1.88869661560269,-0.242917264385666,1.42939756956446,-3.15891342301342
1.514115192636,-1.69319967003065,1.94175930845102,-0.225220789416122,1.21926513274138,-3.16231151152669
1.53323175082886,-1.70678821138576,1.93816143280547,-0.206854762813346,1.23887504078161,-3.16245657414216
1.53921142202445,-1.57511035930873,1.82661780069686,-0.227876079004115,1.24457920055596,-3.16248395517328
1.60301844990088,-1.61573065419073,1.88582304170673,-0.245307148986202,1.30786337153429,-3.16059751522458
1.7180767193472,-1.51679544988449,1.79592459561669,-0.25502070952607,1.42178403067315,-3.15900876463901
1.5833650998093,-1.55084634654515,1.79629344155336,-0.22206220733607,1.28826088407145,-3.16078965588735
1.64593265229996,-1.56670253445946,1.84998089726441,-0.258907092517601,1.35107050338415,-3.1597393276902
1.71341211266328,-1.54075994530073,1.79762273921798,-0.233484922540403,1.41774487865007,-3.15907845045793
1.5161075567653,-1.70247313216069,1.95003824375672,-0.223750630765333,1.22163193703432,-3.161565416417
1.53243720521985,-1.57605334695951,1.83566733530946,-0.235986147484544,1.23770534168643,-3.16102472377711
1.65079343129659,-1.52393808248741,1.81008758125629,-0.262164223790402,1.35605867918708,-3.16031271667202
1.7007801742436,-1.55529352331161,1.82192187136132,-0.243027742948708,1.40464157896023,-3.15924264982766
1.60665195311406,-1.56031192082001,1.85887061055685,-0.273904302493211,1.31132342844126,-3.16003161001336
1.70984523889088,-1.55499678294077,1.84485539494629,-0.266261396880075,1.41348016293306,-3.1588040714925
1.57219946811831,-1.71286816543111,1.93698375068959,-0.200661881005116,1.27752662855007,-3.16027970812856
1.59987161027323,-1.56606553944017,1.80937003492636,-0.219946614487529,1.30381021916633,-3.16052533397086
1.51028763113909,-1.68310798483165,1.96784300584334,-0.261248334350102,1.21520330089309,-3.16145797708572
1.70688948305426,-1.63812904576303,1.93700938898682,-0.274940475964564,1.41123278602818,-3.15837774957013
1.52259801614219,-1.66223845470759,1.95917105148457,-0.272268391144215,1.22802121229995,-3.16150792174549
1.63077958629813,-1.63520741747084,1.92450709180394,-0.26557822383943,1.33569742775186,-3.15993341357674
1.51463524345251,-1.55168968595468,1.80200406113237,-0.226562286318884,1.21957256791315,-3.16226669268774
1.50246243734902,-1.76786711296378,1.95714792393766,-0.165788430874177,1.20801842818081,-3.16224457188243
1.4802738858571,-1.61681896940735,1.83131111643955,-0.19107456155732,1.18558390478286,-3.16205934450813
1.57488767248432,-1.53879667429001,1.8319460009528,-0.269047074435067,1.28011339977551,-3.1602939449369
1.66337429118684,-1.64880363685973,1.89635265578816,-0.223588754354524,1.36893050857378,-3.15857961507731
1.46604672790837,-1.71771462839356,1.9368239229434,-0.195217639608187,1.17136451671024,-3.16298021105121
1.50561371106895,-1.55280872141598,1.8284315297273,-0.251116845382615,1.2105880454215,-3.1619304840319
1.60027756028034,-1.58641138808177,1.82257015434492,-0.21184455696222,1.30572929752538,-3.16058458052939
1.63463876740828,-1.59235540354849,1.86462110581392,-0.248615351704845,1.34018101020891,-3.15981031205544
1.7218769410665,-1.56763453210517,1.83967753482104,-0.248615709954896,1.42613571933891,-3.15880541149462
1.67636229999248,-1.51064084586379,1.71994083066986,-0.186871791006891,1.38185091726961,-3.15981385646296
1.53185612619358,-1.7462121517271,1.99903844829957,-0.230056081956724,1.23681429283783,-3.16080143442979
1.69228757248377,-1.56280683656474,1.86433699202776,-0.277713106161144,1.39602109648307,-3.15850082506503
1.56844491201384,-1.59420130627322,1.87825048653104,-0.259837921647827,1.2735899227457,-3.16056963028347
1.60353298604813,-1.62558739696789,1.86521618323517,-0.216443062621448,1.30816048230354,-3.15973132830443
1.67896230308137,-1.6775646994244,1.88359198771103,-0.183579408246016,1.38363358444924,-3.15955597364163
1.51881661116666,-1.59194164527236,1.80284078916117,-0.187846510166677,1.22441487278467,-3.16163717588562
1.49589747781874,-1.56449847942184,1.81227792485827,-0.224621954774211,1.20047224013991,-3.16307811237215
1.49821242477675,-1.65067683789337,1.87305483608666,-0.197949837387173,1.20368796590591,-3.16199112497192
1.58087721225038,-1.60898397928729,1.83707330835845,-0.205588826725139,1.28603197598205,-3.15999587704741
1.51681185096183,-1.60095842465748,1.86817103451899,-0.244300244308349,1.22230833483522,-3.16201873740058
1.72167338839138,-1.59301138125407,1.87303949068153,-0.256789956813587,1.42579080011552,-3.1590784017107
1.65616831376252,-1.51603227344268,1.73723185090187,-0.198563865936893,1.36020658948509,-3.1601899011663
1.47582667577575,-1.68193075653823,1.91405495119698,-0.208128774336134,1.18076285966372,-3.16394149386138
1.51974777796851,-1.55449735108995,1.83299404817165,-0.254130206659259,1.2253235328107,-3.16271715789845
1.61245368464344,-1.63055231856183,1.90370316955835,-0.249613297845086,1.31732719391554,-3.15966911420081
1.69216049034175,-1.583649143913,1.85683339342397,-0.250397101486888,1.3959264744581,-3.15952420661803
1.66777132694153,-1.68520480010994,1.89522054055839,-0.18707760451909,1.37318766701451,-3.15871981368603
1.56875722762188,-1.61742289196996,1.89692306539111,-0.255074821530688,1.27411810182204,-3.16166821938341
1.60107228944485,-1.68278542070734,1.94590572885351,-0.240264078301941,1.30644865062524,-3.1603497709753
1.62908367866033,-1.52950007475349,1.74966601383096,-0.196944066598253,1.33443206282787,-3.15927620207994
1.53138471633912,-1.7166062896261,1.98569906887521,-0.244816303919892,1.23667933866965,-3.16206337696392
1.46448027812136,-1.71625041612563,1.92367820788018,-0.183627768923977,1.16966631720005,-3.16234865164474
1.71196602890385,-1.49594277561773,1.74752537798167,-0.229367828993843,1.41665682841449,-3.15884936159794
1.67919531105152,-1.5556590882129,1.83481551318719,-0.256651723194098,1.38310048572398,-3.15836376165168
1.55295315842092,-1.53244381809914,1.78589193720678,-0.230502348316519,1.25815838231359,-3.16041731779685
1.61465943308289,-1.60029951938623,1.84621160800641,-0.223185470600912,1.31974126326935,-3.16011078337252
1.53138256571097,-1.54314329901773,1.81585337685549,-0.248051929308406,1.23691632607777,-3.16134453100808
