1.6649772481855383,-1.562100144701283,1.823284919390927,-0.23831868629352826,1.3708709330234718,-3.1592781896973214
1.723704886686754,-1.5025335008302108,1.7514260897897813,-0.22608625273270366,1.4279402478345027,-3.157698561149136
1.734108016727827,-1.6353297871489225,1.9170071150591692,-0.25774634429690035,1.439262834723352,-3.158538207625293
0.2645127586017786,-0.3720001418196368,1.9654500667071684,-0.6391677991331708,2.189419936759652,-2.126424288466028
1.5770679976802242,-1.1116737253343834,2.2158665359773053,-0.1095442105098341,5.000602680583027,0.00044918285847206363
1.6774011132030067,-1.6063299200173535,1.8702768601423898,-0.24267629419759817,1.3830054977636532,-3.1589013990403974
1.7268608901926967,-1.5448185329232889,1.8115770136251523,-0.24060665932182523,1.4315156204692503,-3.1584232344769863
5.966016234287552,-2.0761061824246188,-2.299966114084211,1.2008586847109939,0.6128133431543858,0.013164945832212283
1.6397190204890748,-1.6433322940266288,1.880499486358909,-0.2118750201664863,1.3457977531603476,-3.1600271377508307
1.7709818159634843,-1.6225462485278577,1.9130149858878784,-0.2653066535539361,1.4759678300567192,-3.157354175763638
1.7505134151961599,-1.4715797090570764,1.7707143900104008,-0.27316390345952524,1.4552764505797162,-3.158637157149693
1.6128505074578046,-1.6045798566558354,1.871710483337763,-0.2419787338029833,1.318959986764419,-3.1598834432362963
1.5796151034704282,-1.6881753822060954,1.9290536787582155,-0.2159769816830659,1.2859227748160258,-3.1602496988481192
1.633510368724866,-1.541364748223561,1.8445823555683152,-0.2774682733088989,1.3399393519477627,-3.1590259600206583
1.6097952975117167,-1.6675237575285031,1.95630689593661,-0.26250099174891606,1.315905615596205,-3.159703000420464
1.763470434880869,-1.5887882577985568,1.8614518829387698,-0.24689040342213264,1.4684486164615373,-3.157680422430934
1.618925164265093,-1.5659083382419183,1.87229619216658,-0.28170671522179447,1.3248941241285932,-3.1591519235489702
1.7558843913403024,-1.5602138009305069,1.772058694012987,-0.1871211677058744,1.4608687786719523,-3.1575225269631506
1.720016101985241,-1.575235126371009,1.8419898440868607,-0.24116602848466684,1.4248499933152843,-3.1582700504216312
1.6602555463095738,-1.5991993336666948,1.828864406852741,-0.2050876670498898,1.3659155941587988,-3.1590148314977817
1.6363387280558381,-1.5344926893090491,1.7822251981456354,-0.22310376703068702,1.3427769207476397,-3.1587619793729047
1.7450330752517935,-1.5775240660190546,1.8149392190424507,-0.21273741276716507,1.450131064832357,-3.1584517116150135
1.7690296856028809,-1.5868160390148045,1.8736062760230432,-0.2610686595886609,1.4736431083791448,-3.1576547057360607
1.597334105062739,-1.6974471815952619,1.9142907902169384,-0.19222505452071648,1.3036300450991742,-3.1598520163705572
1.560169567166799,-1.5555683583407305,1.8502792341693208,-0.2684759456704944,1.2660960078019166,-3.160710525801587
1.8136103729897286,-1.6206652816225064,1.8554315464093634,-0.20939851699776035,1.5187177794305802,-3.1573590987490565
1.7819068179707784,-1.5154273875794209,1.814122905472468,-0.27314977841483223,1.4866847915803891,-3.1579079419364326
1.7375717494975582,-1.5934424221477341,1.8637107887248874,-0.24514412864343793,1.4425238792244093,-3.1573722322132376
1.6582516239525784,-1.6485014774015712,1.8889987795733223,-0.21600126690111665,1.3646299895550502,-3.159454636317154
1.6998701799434102,-1.5933489055972068,1.8992274637910178,-0.2801522971644106,1.4057023680528706,-3.159503539333329
1.7581795248473586,-1.5840302518027958,1.7956658677037574,-0.18737570078649846,1.4639416756407364,-3.1579113404924115
1.7055206174528061,-1.521021978258549,1.8099642751298894,-0.2634007072483291,1.4102605136527666,-3.158820863343559
1.6404189222798733,-1.6310734300575858,1.8633146481785872,-0.207862226438289,1.3463521767921725,-3.159591876688122
1.5469898667008106,-1.5986343290864555,1.8706683012245584,-0.2457059172328604,1.2526631122979488,-3.1609894967236034
1.7522968885494876,-1.5625536290062483,1.7992972309183628,-0.21221085471527257,1.4576028492179587,-3.1578182703126956
1.745237882402158,-1.4673290219312864,1.7078489027600092,-0.21585520181773177,1.44997922142261,-3.158309600396855
1.5491224536931698,-1.72226775628807,1.9566383427055865,-0.20880448486823067,1.2554765433270552,-3.161955678211738
1.636600124594616,-1.525501418087348,1.748852532306774,-0.19822676381822824,1.3426085743705825,-3.1589081242343475
1.6101871451533691,-1.5833624559664274,1.8599193890211794,-0.2505403518559861,1.3167088949016463,-3.159639317284478
1.7554144480644887,-1.552352113234516,1.7690837416504195,-0.19261115574818977,1.4618175975154646,-3.1579180103047815
1.7451718442011792,-1.5156008349458894,1.8165765493202173,-0.2753075627362733,1.4500555398922739,-3.158651832497789
1.6743264284014767,-1.559373165026578,1.8299748836429899,-0.24590129227630442,1.3808012208240497,-3.159522353360966
1.5817760151587033,-1.5721562608200648,1.793880295775999,-0.1970309610747556,1.2877076607408764,-3.160200361577969
1.7296312523908028,-1.6026498971351018,1.8724257836993807,-0.24530501750896772,1.4343112159243159,-3.1582620103753722
1.7021467877376484,-1.5413033686652344,1.7591863208211933,-0.19355944355258092,1.4067513329090868,-3.157439132860935
1.7136528314048292,-1.4871146856073532,1.698972674234362,-0.18707431693295007,1.418634790874746,-3.1587143985650528
1.7232531178398744,-1.5689265128162697,1.8225681419980333,-0.22958361740489863,1.4287076169912254,-3.1590093685564664
1.6770189964182913,-1.5149374687130308,1.8160731581549001,-0.2764495174061725,1.3821896211770959,-3.159045510772705
1.6830550685394021,-1.6628876331771103,1.9345426520725102,-0.2464729760208808,1.3878113445635707,-3.158326450764452
1.6048633419833855,-1.6765595600848826,1.9575866181571016,-0.25518907421852877,1.311164232506151,-3.160153909126553
1.7555540574810813,-1.6518596699299133,1.8753018760624904,-0.19865774007940207,1.4603036356453787,-3.157810147057706
1.7819845993415377,-1.5880818696415444,1.865443623891096,-0.2519013902776921,1.4872156705642325,-3.1566953220291154
1.7740920656158572,-1.56029036758056,1.7831628488910898,-0.19860177560468184,1.4788037892691799,-3.157976059715626
1.6950717397887303,0.05787917841089918,1.8485595070004912,-0.17687080875164085,-0.6895538229877607,-3.1625227710394963
1.7018472130566362,-1.591883700491194,1.7844333163416444,-0.2517683545760079,-4.874940683294828,-3.159155537260734
1.579513242220175,-1.6200556390225636,1.842192062812849,-0.19631120269204505,1.2860256381696145,-3.161382313333
1.7018741437251341,-1.5672656800981333,1.8329769011395332,-0.2402671563003036,1.4070423990363583,-3.1582039743810704
1.5691419420874393,-1.7635032031597655,1.9582328646893767,-0.1691773740405571,1.2754754098589096,-3.1615415366870465
1.7045593270749109,-1.552171746883758,1.772127757203144,-0.19583257053220393,1.4093269739458076,-3.1576955288108923
1.5977350014809524,-1.5600614105671768,1.816941700847945,-0.23173217260667833,1.3042619982019898,-3.160939477283655
1.6924642051330627,-1.5513443066661399,1.8045756518798015,-0.22849849455348714,1.397215160858658,-3.159201689207343
1.7828899990131042,-1.508342822547597,1.794505991395507,-0.2611069864657871,1.487455495859625,-3.156901785885715
1.6739361702691422,-1.6707214284543124,1.9458971658756496,-0.24992727165874307,1.3799043901875265,-3.158649590299376
1.6549135001229915,-1.6843992076993137,1.9145879649250634,-0.20453707660851794,1.361330402238912,-3.1593813731588565
1.6750680979469248,-1.6760277532297092,1.9443083751010022,-0.24311951751161054,1.3810343580137232,-3.1592092107891503
1.6085928385214965,-1.6680389392785555,1.9359836932282484,-0.2421572877253615,1.3150731515077485,-3.1600894985408168
1.6093943835892501,-1.5524914291274392,1.7770107643558024,-0.20029764878970724,1.3141053473023403,-3.1595966713538566
1.7839689733727564,-1.6422550999827346,1.8644566395294149,-0.1980712232415387,1.4888468324101414,-3.1572847327307123
1.648491490564897,-1.588550443083287,1.8319101970605196,-0.21895425276823044,1.3539813424054916,-3.1588771533802813
1.626610755635932,-1.5913957358788018,1.8072445379240882,-0.1915315455968969,1.3324870986374924,-3.159830278589169
1.6067347901242037,-1.6295228424154935,1.8409869913593866,-0.18748950200648196,1.312474430662541,-3.1602330568873516
1.5480195442224378,-1.5977209980527185,1.8619975134648108,-0.23949268446220806,1.253818765340882,-3.1610806125976865
1.5438006252554768,-1.6970367702987117,1.9348729079593099,-0.2132177370756123,1.2501838335702402,-3.1616306687471525
1.7583288184312345,-1.4786931891101291,1.6979357916494484,-0.19559670062356282,1.4637946725885627,-3.1574629388867628
1.6785797785090315,-1.6666116779866602,1.9302659067707033,-0.23998285431978505,1.3834727507321096,-3.15844583245873
1.7094348485901039,-1.681477717289174,1.9056655122745045,-0.19899180247986337,1.4144929376352655,-3.159078974428361
1.5552702175801336,-1.5714027840643245,1.8199962118347663,-0.22404768946973963,1.2617469243342656,-3.160811687676407
1.747002288984735,-1.5210571255084977,1.8001773603622446,-0.2543682289245677,1.451705324266861,-3.1584785432561464
1.7671128504411922,-1.5655582356164395,1.8337864450311443,-0.2435262774599769,1.4719654374620097,-3.1579748245310473
1.6311841540741892,-1.6281314239015794,1.8684473386347271,-0.21661646769169263,1.3376248009189053,-3.158842593793148
1.723055291554985,-1.5798635962695737,1.835470752974766,-0.23213724842573313,1.4277461059355092,-3.1582177062660683
1.6089606649336812,-1.663791734560533,1.9252116042140965,-0.23587846668105605,1.3153821618938304,-3.159819033989823
1.5496746324044093,-1.570036036370797,1.786940188051613,-0.19187846856138702,1.2557646886790428,-3.160912524704262
1.718362640452682,-1.5291041487113102,1.7548513668000911,-0.2014276722172097,1.4238185704526627,-3.1591670723026226
1.6390474711349858,-1.540438587488195,1.8021477146268445,-0.23789937555662188,1.3443501218566078,-3.159041211075115
1.6681851538731323,-1.606322731313659,1.9072846897729683,-0.27628833215642334,1.3735028856762765,-3.1596972288200096
1.7385309405553144,-1.5365185077147974,1.8386870123748977,-0.27764980947911333,1.4441232018782895,-3.15878439347987
1.6759547799741528,-1.4979782431392277,1.7495989365949534,-0.22709610736962293,1.382513604307217,-3.159469892166147
1.6661612708354978,-1.5457552247006223,1.8219903838379423,-0.25156452148717623,1.3727001075525571,-3.1597169949155415
1.7112500964126287,-1.6283132659301547,1.901788052027726,-0.24869113334196058,1.4168281443228752,-3.1592056956178993
1.7065625816650076,-1.6430106840753673,1.8651372066121716,-0.19829235518840793,1.4112401445276133,-3.1593819219170456
1.767506577265312,-1.5689360035586404,1.8428594090449018,-0.2500318841910234,1.4724695074029883,-3.157742945770961
1.5818777881351282,-1.614473095376602,1.889535382477554,-0.2494127885151931,1.287582279871346,-3.1606200876659436
1.747874480850502,-1.6495619993558943,1.875008734337083,-0.20187004521155938,1.4528140689921063,-3.158405018284437
2.9911810271686754,-0.32477484878134355,1.9222429979540898,-1.8866362557395373,0.6273026347166191,-3.1518728033659453
5.889887060156135,-0.016570736617134152,1.7739799287659075,-4.880574004855823,-0.6868907754828264,-3.132682241955721
5.87537727490358,-0.01576624016276984,1.7764434123625037,-4.88580620339178,-0.8275269773352187,-3.136998286007146
5.864342008644737,-0.01533699996140303,1.7795447835913922,-4.890444543523177,-0.7281376272772846,-3.135714365737571
5.975886968015955,0.01744711198906934,1.8979872367471238,-4.98010061450472,-0.6003930745363215,-3.1282295767332835
5.953684581314909,0.013593689735655445,1.8968597054190646,-4.925694048753852,-0.8630193396859669,-3.138968117036467
5.934321193463518,0.007452326987391622,1.893562003952379,-4.853603605251599,-0.7221384045015249,-3.1350063111380635
5.94350954576462,0.04106895843597336,1.9404443253972623,-5.106586879529318,-0.627803006936289,-3.131761787472172
5.9387649217221945,0.022777545112552033,1.9254429908201622,-4.924879741270237,-0.6397935037687503,-3.131011259052908
5.938589512926104,0.02948131304820123,1.930777454833894,-4.987868061391307,-0.636340068803741,-3.1316312800740302
1.6774712046476017,-1.6060049435792827,1.8691346080997473,-0.24269975846221037,1.3830069867179269,-3.158915257741141
1.603789843765802,-1.7218643174356378,1.9636256978656768,-0.2176294762421911,1.3098561844186722,-3.1595968662338105
1.7288416139218583,-1.6145147647706555,1.873460996811561,-0.23555253099361284,1.4335518103322347,-3.158398868891677
1.6246420331335116,-1.5310912161623316,1.8035054489284938,-0.24704698680429882,1.3307678319287906,-3.1594489112432633
1.6935833381348955,-1.5932409721225396,1.8497860833724928,-0.23296742903422807,1.3983329869311136,-3.15950830529005
1.5436981740983606,-1.5767352668687042,1.7912393568872247,-0.19010809690533392,1.2501573634404517,-3.1610672802971127
1.6654090015308451,-1.642119854260712,1.8912069744808644,-0.22539037825104824,1.3716073606165606,-3.159066714364382
1.6857014049005663,-1.5643621847210092,1.8530230973418877,-0.26432496992523546,1.3906120789323442,-3.158748311255671
1.6472756512708937,-1.6011857532097888,1.8748301733214312,-0.2480485410746578,1.3533753110731226,-3.15895037426054
1.5682641016073031,-1.6705826426312145,1.9359807067723,-0.2399952222630395,1.274637756924439,-3.1618562521770084
1.5991188880732778,-1.6648347932324228,1.9286401996749163,-0.24000383035664452,1.305022387800558,-3.1600221319551434
1.8081193775074311,-1.6019171187122527,1.8365112901019707,-0.21022903108091118,1.512953995813434,-3.1574799365142603
1.5571016855501663,-1.5821489017068924,1.8822601143540147,-0.27458502228220993,1.2629200212761598,-3.161425343718781
1.7449289628730718,-1.5765305141013322,1.8339389188568447,-0.23353273516851214,1.4498399190216738,-3.1584589105338683
1.7458309962764833,-1.5919258856041134,1.833345829355416,-0.21787254211304052,1.4514536873020862,-3.1575464401293445
1.6591925622153845,-1.6635202097317254,1.8863492875739851,-0.19928836108168113,1.3652953020411882,-3.158787045459869
1.5709181374453562,-1.564449168470957,1.8188964991128245,-0.23028786352731512,1.2773039127568255,-3.160754671522483
1.6826695335053206,-1.5920457553613119,1.84065419009654,-0.2244926453957543,1.3877363951714328,-3.159190433650842
1.5455836625049733,-1.581989194519922,1.7956598826832835,-0.1893190942711085,1.2515146820882608,-3.161377483343113
1.639872245441536,-1.5548778431019086,1.7748876602035093,-0.1957860654456427,1.3457838743282835,-3.1589907425460524
1.708342149275576,-1.6751828241997027,1.9405763747921476,-0.2402284446377756,1.4138243703992277,-3.159201045128791
1.5778358042261846,-1.6191141676961376,1.8847517742099207,-0.24072399118671228,1.2841162757001898,-3.1600671742959214
1.8058634913458214,-1.6257807027362308,1.842503454891748,-0.19332000695086116,1.5107690561711475,-3.1565085062603853
1.6034894903445682,-1.5394027749904282,1.7978727264466503,-0.23384559489192291,1.3099144687939344,-3.1598111197767604
1.5765884554838419,-1.582068552030191,1.8477095623413682,-0.24090977791042256,1.2822435617667498,-3.1601197703708426
1.6901746157715163,-1.5527232378134483,1.8280551418777176,-0.25043935907546455,1.3948559903367252,-3.1593171933975572
1.540963336512986,-1.7318747402996104,1.9847695027795815,-0.22880573470221677,1.2474645067375976,-3.1608636227230846
1.6598059984310503,-1.6146853120261682,1.8333280343326646,-0.19451065712927829,1.3660690274365725,-3.1594836199605822
1.7942058134548198,-1.5918646182160119,1.8633851410117739,-0.24715581318032687,1.4995340909402612,-3.1576951170958676
1.5789089359377835,-1.5494946874024906,1.850640165445764,-0.2755512203035453,1.2848464935039798,-3.1611675032397883
1.6653359280421096,-1.5660403576972843,1.8199925678796252,-0.2301311459119333,1.3717184710548045,-3.1586193909667983
1.7940019411705173,-1.5503872944403971,1.852132891174307,-0.2780710069557095,1.4994942057140497,-3.1571382609011014
1.6347580376675346,-1.6345884168255038,1.9348586468361155,-0.2756370837027067,1.3406808889515265,-3.160219580388338
1.6996068392540344,-1.5917646416267708,1.8251720792001684,-0.20968616001023044,1.4044321556287134,-3.1586242670173057
1.676371050793323,-1.6418056267380372,1.8766369774114118,-0.21034042917863172,1.3829406903443564,-3.1592521857092795
1.6585902030936204,-1.6323778643629732,1.9288663460510644,-0.27131303758539804,1.3646644479168657,-3.159703597260714
1.7617598352500323,-1.4812275416935927,1.7533414108388676,-0.24693664332873855,1.4667289113052426,-3.1582633351163807
1.5755105883824427,-1.5649637069196567,1.8650456871666385,-0.2749493946911219,1.2820447922434477,-3.161449949906613
1.5419448865409464,-1.600278271286399,1.8604220278582204,-0.2348920914906607,1.2482756058656168,-3.1613155971054177
1.7450120785364867,-1.6069000194471776,1.9068175370391387,-0.27480918862154535,1.4506391171149646,-3.1583695161323817
1.5486100727153396,-1.6200154955393442,1.8353669208189682,-0.19069361236302562,1.2548024255650914,-3.160467176372684
1.7066332013159728,-1.5352680024810281,1.7481695233405148,-0.1889874467195849,1.4119928325322286,-3.157766198480301
1.611131108356087,-1.6445306703119495,1.8729815034943549,-0.2031126237242349,1.3176351716413928,-3.160607177773681
1.8067053223398268,-1.6212510172377481,1.8379718843630748,-0.19344846201158372,1.5120684465789305,-3.157511714063098
5.907855934114026,-4.055495419211885,2.363778115763786,4.802809097879682,0.6708130834442674,0.010032150564198261
1.5397186975953456,-1.6025163296733753,1.900365626601971,-0.27168920665784047,1.2460123063818767,-3.161170993803797
1.6780406491894757,-1.5200529192006202,1.7716852976296629,-0.22770061349271842,1.3832463954386833,-3.1580825284591914
1.5414752488098502,-1.7573723790877605,2.031625509209473,-0.24835069873020466,1.2479814597241212,-3.162357359545693
1.7742041992587225,-1.4957611330556784,1.7238955460535532,-0.20446385745845674,1.4802660499090807,-3.1572287489249966
1.6572122285987945,-1.5860557100488366,1.833894707132675,-0.22348722275608424,1.36282277347307,-3.1590185426415527
1.5720705460526814,-1.7500427331263948,2.027422087670203,-0.2517783276861225,1.2786603120538347,-3.1612036183135324
1.6010159398017345,-1.683943890137929,1.9740009225043984,-0.2648793207502331,1.3076020312839418,-3.16028293156854
1.713348506576363,-1.6376970263266317,1.9125569094092292,-0.25033975253565544,1.418112383094849,-3.158678244881484
1.6866442100758903,-1.6073104403060503,1.8821656265124016,-0.2501589409813212,1.3913359594041346,-3.1584190886263226
1.7476891793814726,-1.655057326004223,1.929064312172521,-0.2490297527012988,1.4535914355031014,-3.1584624389118314
1.6641826980292524,-1.5577705747615722,1.792535594901473,-0.2108871904838674,1.3707440345618522,-3.158538222394622
1.6700118050893442,-1.6380132070500242,1.9045957872694963,-0.24116259399268714,1.3753612086688314,-3.1592576165777757
1.6885057634923255,-1.5232062061568756,1.808750256707306,-0.2599873530687349,1.3934794470132958,-3.158460356679738
1.5983993871147586,-1.532568323983659,1.8362197791739874,-0.277828130106923,1.3043185805800466,-3.1606721303011014
1.6579463766315978,-1.6728100974207907,1.9663534342654323,-0.26844033177005144,1.364471561275458,-3.159037412513724
1.6755953746490233,-1.611367044704373,1.8453850644896939,-0.2100743722892151,1.382088794962045,-3.1582463412568806
1.7354161231078908,-1.5345707082290279,1.7550197882067629,-0.1959266991635742,1.4400381844601178,-3.1585204361879704
1.613605994987089,-1.596539538210651,1.8145425460848266,-0.1941300066122551,1.319730916467245,-3.1594654361342975
1.5658231060245917,-1.6103507321473813,1.8447643909605134,-0.21010414055356819,1.2722855569144862,-3.1603907029182032
1.6175406538303543,-1.71506444879404,1.9451319722991478,-0.20509707896400187,1.3240844367205007,-3.1597182694186863
1.7677464095172333,-1.4973272588384843,1.7154834572780935,-0.19431984761809407,1.4726480970978288,-3.158044221876942
1.6105197043251298,-1.7274223581685622,1.944590614803655,-0.19272272801090562,1.3163999054429238,-3.1596367028654946
1.5563027252880133,-1.6646965563767004,1.9451951710838884,-0.2545860444520116,1.2629461996155493,-3.1614867099709283
1.7412154631034618,-1.4997545493831543,1.7682285872272647,-0.2433502075378149,1.4458921995374059,-3.158051851879394
1.5914975656450316,-1.5392401714521373,1.8282104364935705,-0.2646840790849758,1.2979893562544866,-3.159631987703042
1.5554873390015276,-1.642810714125151,1.8662258150696012,-0.19850629465486147,1.26166104848848,-3.162058504222017
1.7214469996547734,-1.621210796174422,1.8937806111377125,-0.24735304369275557,1.4261641898760473,-3.158655773217278
1.6911944810700597,-1.6206873735782539,1.8787608562866502,-0.23401228219708958,1.3961644346806548,-3.15829631796875
-4.603629280404492,0.06854109341462866,-1.8643892951238978,-4.46421397641792,1.384603810690387,-3.1588321332458467
1.6233305850737025,-1.5223952957596856,1.794237133454903,-0.24619684831377686,1.3291072150794294,-3.159874759023859
1.7047395144363646,-1.6440010771385385,1.8986599364018417,-0.23086461803306602,1.4094010929387597,-3.1592328726180696
1.6691376302645748,-1.4983100249946428,1.7655443134537059,-0.24163070496813788,1.3751029594127528,-3.158592064810195
1.5489891146774886,-1.58857836966249,1.8843975152069419,-0.2696815713812679,1.2555630670653137,-3.16158841992924
1.7753421846522883,-1.6298978257580927,1.9000735031665883,-0.24505078132142089,1.4808598245355293,-3.1564385493355473
1.5496844058228145,-1.7486853202254373,1.958061667319818,-0.18468498037050907,1.2559775748094584,-3.16090604138164
1.7450322373481626,-1.4860750132600318,1.7009305805813346,-0.19040293535638586,1.4497132078817412,-3.15860502801587
1.6978266958278425,-1.6231421598373839,1.918274637117241,-0.27047144189445493,1.4026017541483062,-3.1590782536688273
1.6644325829445314,-1.5928008578976574,1.8183781044577465,-0.20195793739907852,1.3709575306837722,-3.1589169028744184
1.7239944409150745,-1.5584355565291093,1.8458556387904288,-0.262417814060953,1.4288491788853914,-3.1582698707832897
1.5708127660825166,-1.5736417167190089,1.793004683732871,-0.19492013410635423,1.2756637927303132,-3.1599883253979986
1.7208326568443972,-1.4858189749746673,1.7210656433518192,-0.21072703199914056,1.4257510217471294,-3.1580767311892295
1.544572812958065,-1.703039553707442,1.9416062317179588,-0.21310103321682394,1.250720520133295,-3.1619867543575353
1.6950842840839693,-1.6500666906291102,1.9049272353193043,-0.22993963506643578,1.4002316173935219,-3.1588166896283205
1.7194573704918596,-1.612831221334833,1.8924181017536021,-0.2548197405801407,1.4244525826981445,-3.158426480462534
1.5997645375502412,-1.5826108262764755,1.8808962526086113,-0.2729976175597475,1.3054335019640089,-3.160646580775037
1.647043959031901,-1.6978418923276077,1.9032839945450277,-0.18119438290539058,1.3534743919349177,-3.160054426585022
1.6849504499589179,-1.5835967550827768,1.8120275578782792,-0.20462360362347276,1.3904456577299458,-3.1584844613862373
1.6795629346244452,-1.6774842364033313,1.905482713269226,-0.20365996193568847,1.3841777726304763,-3.158460979213988
1.5683496911029415,-1.6142681354219288,1.8469815720939184,-0.2074521509919096,1.2749474393559845,-3.1604730713392293
1.7717045770577773,-1.6385236832835295,1.8827409777818183,-0.22065235343978262,1.4764837516508207,-3.158064249049165
-4.509455614841135,-1.6155990389638202,1.8290901270188087,-0.18968864326854717,1.478337600872858,-3.1567415614305645
1.6946966696316021,-1.6280942224040036,1.9075102736848741,-0.25410394944685866,1.3997333400906111,-3.158251730990731
1.7084163619691202,-1.5300652769342893,1.7664540878954682,-0.21231669401249853,1.4135110493658471,-3.157876867939862
1.755565708151753,-1.583033908425321,1.7993827277762353,-0.1928814928258582,1.461359633786004,-3.1584146441171335
1.7283308684331367,-1.6762259972821347,1.9106387765716892,-0.20917068859145616,1.4330208500861614,-3.158482701378942
1.6249733323367757,-1.6184686098101384,1.8317677237789702,-0.18924991081573772,1.330562361381138,-3.1603139852779947
1.6687171814855732,-1.5552800296425886,1.766763469709856,-0.18583651970878812,1.3747873809910782,-3.1585866955931756
1.657659415288916,-1.6738653596326252,1.9304838375789792,-0.2323342409893927,1.3640002882646272,-3.16004165891429
1.682275768732934,-1.6030349345022463,1.866129412774523,-0.23944501062306678,1.3885799861102246,-3.1582863096893927
1.9841103176489376,-3.8612556308382615,0.5986475541820795,-1.6099942404549026,-2.113831755479149,-0.4418434065404213
1.6229713820449438,-4.205916279878171,2.7231493230336454,-3.92099973634485,-4.931562064913252,3.1059260113887426
1.7773189634195177,-1.5923443010776284,1.841236128450607,-0.22382428123103715,-4.800999368134519,3.1268334933116995
1.6670368113083986,-1.6344369798785499,1.9386015148669529,-0.277964251195999,1.3730645713749183,-3.159132966063755
1.7150304172332698,-1.594847659169341,1.8099679473441412,-0.19052784842708181,1.4198054430333338,-3.159107174806584
1.6672133271493648,-1.5184609888185463,1.743833632956683,-0.20051993481429964,1.3730014606005385,-3.158875247853345
1.6810864352218422,-1.5092220942380328,1.7464287160735914,-0.21221124753716225,1.3863839105581182,-3.1593844647930514
1.677865273682368,-1.5612021832993213,1.8151613459968772,-0.2290345195241157,1.3829590022557392,-3.1583238401269895
1.5446665499083236,-1.5895755353279517,1.8531567930026611,-0.2382976437644997,1.2499581391838204,-3.1611356191945976
1.7805643536622675,-1.5519066689284156,1.8546730471757211,-0.27785514721033877,1.4855806769646165,-3.1574468872503054
1.636558849614402,-1.6146010275080886,1.90739284891227,-0.2661337387358458,1.3420954279237733,-3.1608482429579627
1.6269643736573327,-1.5842064401407994,1.824747363696373,-0.21520256957370076,1.3328036102972751,-3.159328327676107
1.6320164691793577,-1.6179553463054193,1.8333039858194997,-0.1902636408903451,1.3371917684759245,-3.1589506609209614
1.601017617531177,-1.6737620589439848,1.907666033508157,-0.20713364763161568,1.3071150483895018,-3.1617589337073486
1.7350750979437208,-1.4997647425032854,1.7944389600239212,-0.26905356360770316,1.4397053748485371,-3.1574719775933424
1.6186690346169446,-1.598218943401731,1.8632070108865495,-0.240028523665349,1.3250599956124933,-3.15943733193207
1.618525634464448,-1.7411786997499563,1.9515642906050665,-0.18545736696436954,1.3241560143570936,-3.159431238548329
1.8082983230002316,-1.6211661475480197,1.8659950009191277,-0.21981298292407914,1.5128935851150471,-3.1568978173672466
5.765740438549139,-1.630188600403308,-1.7695409614015851,-2.909154378580441,-0.8112088115189486,-3.139528684017738
1.6412952469978395,-1.5602475664597755,1.8211532637232928,-0.23578180300359364,1.3469239911791435,-3.1596196486547576
1.6871360780858495,-1.689879320707993,1.9014198087184333,-0.18685246681593082,1.3917422844310154,-3.158778562641972
1.7304789905771472,-1.5848287495767304,1.8847331470895927,-0.2737616240661236,1.43546961837015,-3.1586878641037526
1.7254758536010755,-1.5303492868348432,1.7986003663332824,-0.24178605685668408,1.430852702178293,-3.1588001595663933
1.7442395713925976,-1.594861486993242,1.824526585953432,-0.20493717219365237,1.448994703670122,-3.158476099634843
1.613754986724146,-1.5728673873192438,1.7865682893481498,-0.18882667131228104,1.3202361856231262,-3.16015716872648
1.6501823593807963,-1.614230834357933,1.8588347160395067,-0.21997672403187796,1.3560070465368925,-3.1595762584612395
1.6039736829823017,-1.5549637255807998,1.843218874446869,-0.2624953998296382,1.3098587121089018,-3.159583093002645
1.7576739011123692,-1.5499899119489111,1.794838637196591,-0.2202435444800086,1.4622884558427174,-3.1579247338330294
1.6621885096389395,-1.5186922955565203,1.7646527286857125,-0.2209641852455393,1.3680866114894767,-3.160085747110749
1.0645012416818016,0.12515815905612193,0.44630436000580964,-1.4012164181060713,1.1872677513634704,-2.0898866081002865
-0.5097422351650236,-3.5564764777425513,-2.2203327564315547,-4.888081428848317,0.8047432150884974,0.08485100039835825
1.5413486636497007,-1.6938092343869497,1.9241060589867374,-0.20353924641706556,1.247783660771888,-3.1614133485500915
1.5405657821550527,-1.6286014265699267,1.8445490545130419,-0.19053798968208113,1.2462490498340664,-3.161419876214822
1.5686313670376384,-1.5888492334237938,1.8855780347412825,-0.27020505372989323,1.2747512099833402,-3.1604259804565373
5.73318823254653,-1.5825846841133648,-1.8005904191741182,3.358192470112379,5.438284105990016,-3.1387448886402867
1.727350787803985,-1.609082720275799,1.8455718001293597,-0.21171905215558606,1.4329473932939738,-3.158934131358052
1.6946858254464603,-1.5195665782541132,1.7396661023233513,-0.1952191915221917,1.399466974116157,-3.1587090623614174
1.5408231695744936,-1.5922419619803216,1.8583866026012075,-0.24058545103153062,1.2464008910084807,-3.1607245195360854
1.6667235776451461,-1.6809886387746538,1.9608219523614725,-0.25456647150949685,1.3728918865972295,-3.159354631288547
1.6777994842145505,-1.5411145354335698,1.7903560426972653,-0.22417032741190024,1.3823877662556017,-3.1588524587340086
1.7074601153832,-1.515563645089066,1.7905552676705518,-0.24927323557286396,1.4121524534320198,-3.1590385814771142
1.7791613680171405,-1.6009086545977311,1.858099876811087,-0.23275022663519174,1.4840862091988587,-3.1572952447548346
-4.541826913615971,-1.5104854780379027,1.7503938991508257,-0.21497617436023653,1.4462062714419401,3.124660230623295
1.6753451726858044,-1.5354526874140042,1.7750234525996014,-0.2147389525712864,1.3812244487737848,-3.1580587862498017
1.587547506187514,-1.567838653583581,1.791744708924929,-0.19854129163388645,1.2934967998061824,-3.15993601588724
1.666771719263263,-1.6698665613087131,1.8925878296409877,-0.19808531095165538,1.3733419732513763,-3.158685315065682
1.6571718669481736,-1.719752591678688,1.9408850918298484,-0.1954093491639739,1.3637642929455005,-3.1590530966054207
1.6320230037728587,-1.6444981195591764,1.9127584869542602,-0.24168362045857794,1.337551741644221,-3.1603782184700524
1.683601350568975,-1.63895480796233,1.916047496910636,-0.2507572366495445,1.3888622592587163,-3.1589383657053283
1.643311928006848,-1.5363921107144547,1.8233197133897239,-0.2614945629541934,1.349401605714049,-3.1593082892157636
1.7411137583648149,-1.591890005953438,1.8790078895977231,-0.2618590048802556,1.4458927072102963,-3.1576760782049984
1.7360552060266201,-1.623890471539612,1.8369216830841015,-0.18830792416811715,1.4406687469345059,-3.158249229410746
1.6473475608986083,-1.6473305046712081,1.9434831626260447,-0.2698408829201808,1.3533403940642081,-3.1589846040369487
1.6485931157854559,-1.5794301338238617,1.8013676424515808,-0.1970117829373228,1.354884294846749,-3.1599539535178884
1.7430310771409285,-1.5116634070224046,1.7879211430390765,-0.251721917230908,1.4482245596699013,-3.1579806634201333
1.692624149170359,-1.5705062268698882,1.8319840158663503,-0.2369014039586217,1.3975073171960437,-3.158142368250312
1.675571019159701,-1.504671004038201,1.7490415076659271,-0.21953646152033102,1.3815806612479955,-3.1584026161607426
1.582736450755915,-1.6493261582763346,1.8824858822768178,-0.20792756554369785,1.2889020793376433,-3.1598098754758475
1.6836292139054603,-1.5641952444201168,1.809082284482935,-0.21982719569788145,1.388792838798186,-3.15896236630193
1.734842225380632,-1.5984510371054412,1.829832006035101,-0.20637824133697613,1.4399585298786404,-3.157099601504145
1.5948571261685531,-1.6251229931555233,1.9106086600554164,-0.25913299835554593,1.3013673544618012,-3.1617948525821227
1.548602231539804,-1.752769303944178,2.0082879113563123,-0.22916958463583725,1.2545561833873018,-3.161222792087205
1.6515292981174916,-1.51144098866006,1.8014639933404517,-0.26409988984510147,1.357455111319788,-3.159283476640322
1.7071724469643135,-1.5244527041713551,1.7778399238930653,-0.22830952899657753,1.4118067027691037,-3.1590966659333155
1.7339289019991249,-1.5319031925263715,1.7549722393533962,-0.1975495931666389,1.4388864374916412,-3.1573697403156196
1.7337388812463672,-1.6792049441325076,1.8838993248094766,-0.17972017778265048,1.4385228717604113,-3.1583542140156524
1.6133943960025663,-1.6054543405192518,1.8803215962096296,-0.24845782631417723,1.3199542639900796,-3.159620343464539
1.7012395955428632,-1.6192376917292952,1.870450594358422,-0.22647530732412768,1.4063284667654177,-3.1590838308894202
1.6744749908167602,-1.5141323808808806,1.794123412315379,-0.25382912920909195,1.380702623379885,-3.1585719852891714
1.7001693094253243,-1.5332454276404741,1.783220641175113,-0.2249983900216428,1.404760568613618,-3.1584568332818854
1.6416137617332938,-1.5555746278382694,1.8069235364797507,-0.2264801467826949,1.3478711692896939,-3.1596715667835866
1.548702962504354,-1.7417621298176824,1.9458489566702362,-0.1777988611672594,1.2545678836609433,-3.1610813364350285
1.5681796139227053,-1.7109449774076815,1.987436273532495,-0.25109860486978697,1.2746238140547073,-3.16176841014269
1.6989655679249802,-1.5385991902272131,1.7553179096319411,-0.19134797792047387,1.4042194867218036,-3.158795319037754
1.6446123023606374,-1.5291364669122247,1.7540428283429073,-0.1997932359817547,1.3506769702394905,-3.1589560557780167
1.5515325576697858,-1.6767375673665512,1.9466348093659214,-0.2444076476530208,1.2578126613213252,-3.1608037414363963
1.7533381835126711,-1.547644815675831,1.7756408198484017,-0.20344373634944812,1.4584852598452995,-3.1579165488927714
1.5478422866059267,-1.7150864234412815,1.9544609723855615,-0.21433113162317063,1.2543803143884675,-3.1603803859484323
1.7748936988856876,-1.5148024019039692,1.745394731660987,-0.20577718474918072,1.4808318067145594,-3.157132512862816
1.7383140343810766,-1.6599203536157994,1.9487630313179238,-0.2631584994860994,1.4432186004025382,-3.157984209255261
1.7725632623261465,-1.6011321060024173,1.8897547023047565,-0.2629716472118293,1.477683731034288,-3.1580814774300414
1.5408850496869961,-1.7211185394251043,1.9800080350827969,-0.23320197033674095,1.2471263006218285,-3.1609089898407454
1.7599100078435619,-1.506042116527782,1.735781837056848,-0.20443962376068558,1.4645386748802656,-3.1576735521148276
1.6252377510360567,-1.526578172006138,1.7994051953669619,-0.24628070756568654,1.3312186294886832,-3.159398994893065
1.7825665040035972,-1.5404696238956834,1.7952674626147207,-0.22904394937744055,1.4874045742464572,-3.1573857666782814
1.5849565554258662,-1.700488407071842,1.9604457046288424,-0.2351072424328544,1.2915039773289747,-3.1597996859250976
1.7158318073237302,-1.6441144771953944,1.8956478745972802,-0.2257607064218785,1.420649657995111,-3.158772153527103
1.604105956859227,-1.5615380798579546,1.7812913556286656,-0.19392551793764845,1.3106987943972408,-3.15966113609252
1.6768977531577258,-1.549441178116405,1.8176973306123756,-0.2422292363144809,1.3830690803441463,-3.15944087943409
1.5741655982536455,-1.6942398963768346,1.9226396706817255,-0.20281459010956837,1.2806295651541015,-3.1601547736253117
1.7212702980081787,-1.6617469335440118,1.9237633861347945,-0.2374739533030441,1.4263744793603923,-3.1585129910073135
1.7649854634296371,-1.5823459658166685,1.8263956577797504,-0.21909090369922435,1.4697456752373617,-3.1580180998813407
1.6451102209925308,-1.6877995132084482,1.9853058434947926,-0.27180231331777893,1.351634529603614,-3.1595297098564927
1.5370222062217733,-1.7574550298122107,2.0106571050926973,-0.2271853590228421,1.2436156082641352,-3.161615792074345
1.6884176264925443,-1.5977051264412223,1.899115947360869,-0.2753441998585373,1.393160294355373,-3.1597599058682135
1.6302188235735553,-1.6952708019638454,1.925556087791188,-0.20470098637203282,1.3365775463515988,-3.1607209764892428
1.598549263800349,-1.6644492567864866,1.9177781848001167,-0.22748336057488228,1.3050248556124187,-3.160518914111581
1.6600186494552958,-1.6148340339981564,1.871879391004402,-0.23193548561777177,1.3664669836022219,-3.160028891777511
1.6471278054711798,-1.5452656998596144,1.7729025434728225,-0.20253887601521736,1.353483442221739,-3.158823364885766
1.7493989427124355,-1.6403703768736762,1.8878261937888183,-0.2227908667639058,1.454152389314162,-3.157447287089745
1.653350850772254,-1.569594109753086,1.8611708152842148,-0.26566576335396075,1.3594767298366568,-3.160080472378368
1.606993742440884,-1.6431239877361747,1.8852296408354867,-0.21614652128378609,1.3124050761473463,-3.1596505668021226
1.6767669869921855,-1.5249722692400862,1.8119156381222474,-0.2615195266373176,1.3833476661445285,-3.15889711501476
1.6773629211910048,-1.5456815772914485,1.7873590089771234,-0.21693808196681275,1.3835867838488136,-3.1594504884988055
0.5264044188568899,0.20091332058621347,2.0467819363870525,2.2751565400460585,1.0141738996950513,-1.3785593459695216
-0.39259032839991637,1.0684175566428156,2.1331158937629784,0.35319205358507944,0.6979209564787769,0.008639248642685615
-0.43445167100357196,1.065978231250754,2.240900594317985,-1.548571271788349,0.714702011091906,0.005889276662467857
1.677407277658534,-1.6060208994911562,1.8702709733291414,-0.2466598493176715,1.3826595685362095,-3.1589669599460546
1.5981856057405208,-1.651365528283181,1.9100774381277539,-0.23787243703767214,1.3037575931394452,-3.1595906782803436
1.7259728852299059,-1.5198749224925008,1.7765856062020102,-0.2350180503327337,1.430784930054469,-3.158822840229055
1.6266325913609903,-1.6054910234419673,1.8669305649911223,-0.23973417473489356,1.3328323659801846,-3.159170883348608
1.5678390194856267,-1.7544025542247788,1.9584414518580289,-0.1832718468543062,1.274042853993575,-3.161523368634832
1.6349941015621159,-1.592723700098782,1.8385962195373367,-0.2245423187308324,1.3407971971412804,-3.1593349013452396
1.565586136209296,-1.6523902441308724,1.9503650036668958,-0.2752263677383908,1.2716828016471933,-3.161306838515573
1.7273321501820629,-1.5771641164240195,1.8258516071821944,-0.22819158326970168,1.432370793905326,-3.157740800789213
1.5694129257953557,-1.6026237237318774,1.9056478824510208,-0.28043383334834715,1.2749660588850205,-3.1605016959454666
1.5654137422827334,-1.5825108474486127,1.8361988306857526,-0.23196571252728582,1.2711204188490592,-3.160779263564951
1.7216078455093644,-1.6003965216277987,1.8587698920630835,-0.23788792597663289,1.4262822959850254,-3.158711525639381
1.6087033449661208,-1.7179668232380223,2.006058340372519,-0.26642907242360003,1.3148468057275844,-3.159926460858065
1.714080722501798,-1.621616994666688,1.8929300794162351,-0.24920007263519128,1.4185596606174906,-3.1590018476279003
1.6604122962198078,-1.7130040047085782,1.9398330424857164,-0.20558858993648244,1.3666202481286351,-3.1586414021543643
1.7182991121297277,-1.607820443668393,1.8928725541917704,-0.26394418133245345,1.422988395291278,-3.1586877310376344
1.7672161132014832,-1.4747994456133844,1.6960516531212466,-0.20017822874441382,1.4716379875300616,-3.1575065635109993
1.5425447723366181,-1.7613866616295075,1.9539749287738495,-0.1714290247822241,1.2488494445749776,-3.1616497377730646
1.6513225905873927,-1.718335511924253,1.9474323879966882,-0.2083758695546809,1.3568910609607432,-3.1589852469554103
1.5963122173633177,-1.5785216295952598,1.7946635898359915,-0.19509634260336028,1.3026519678745903,-3.1594099164988307
1.6178289272384623,-1.5651738863041444,1.8330601243905278,-0.24656594176008984,1.3238069491328135,-3.160189734141671
1.630358120564746,-1.5361300356878198,1.786076001710505,-0.22886393771937907,1.3364308218388983,-3.1602025228055695
1.7484783745059111,-1.4664001287116193,1.7571431797029415,-0.26905611761753523,1.4530256800821242,-3.1575440643882224
1.6557528551851481,-1.6988731765188048,1.9874808631767404,-0.26709202828239587,1.3606188431344366,-3.1589361526998303
1.667173286321848,-1.5229326856604422,1.8150332715009814,-0.2697368428062088,1.3727889627529661,-3.159657703195162
1.737453605352755,-1.552627882166112,1.789504304218788,-0.21609845355820578,1.4423994382714174,-3.158263874376596
1.5731819341353468,-1.7232348522783987,1.9915237436839561,-0.24655051178701548,1.2792770856597953,-3.161391731187326
1.6257833056073734,-1.6023177935102444,1.8554307131432086,-0.23177598735651905,1.3322100027567059,-3.1594891543331425
1.7175869350168753,-1.5808249768227531,1.8236308232390126,-0.22229144162487113,1.4221209393643726,-3.1580511831374274
1.5414836960344962,-1.6651641073825107,1.9116242153258582,-0.22506987486503327,1.2469816925025219,-3.1611916752628133
1.7627487749464485,-1.4599356306396105,1.7366230964270333,-0.2550190455947625,1.4677901107174538,-3.157627390177991
1.7579238423867007,-1.5925269961157493,1.8337897558028224,-0.22070289706499935,1.4627831672454432,-3.1577020362574295
1.6155078945324757,-1.679280410299989,1.945312661417681,-0.24530528590684053,1.3216466427223494,-3.159360505847527
1.7143246358798478,-1.5425197068940442,1.7566790124311638,-0.19262234030614778,1.418969629624872,-3.158941667262548
1.6800227642640362,-1.6557544174613108,1.8921028276638907,-0.21570617487305377,1.3846112336681609,-3.1598396821952086
1.7028302955331478,-1.5757976723943399,1.800039284513126,-0.20341857258991247,1.4073687750719044,-3.157453502979271
1.5996598474975539,-1.6224387898552823,1.89325810087157,-0.24838135447732856,1.3056559920048656,-3.159887889011191
1.7014878320900984,-1.5892064356824758,1.8689563343838298,-0.2587660053947083,1.4065004110367845,-3.159263052603114
1.672003666790789,-1.5357384008851058,1.800944186593716,-0.24450370279181755,1.3783162823187185,-3.1588916868000094
1.5893553849091964,-1.5925565073457317,1.8946772362464515,-0.28001386190809097,1.2957528135771277,-3.160800287036956
1.7487470671086491,-1.5425435942588237,1.7632715370398486,-0.19930007154640172,1.4537394700056563,-3.158397046088588
1.678882080853139,-1.6060875969226123,1.869955765051177,-0.2429491521227991,1.3835055089564063,-3.1587230190716156
1.7243015923166531,-1.4693266234285494,1.7663158458539385,-0.2763432259166887,1.4291700972844623,-3.1585693803578856
1.7535318578780164,-1.512163963674837,1.8116476132991863,-0.2776683755572753,1.4593897037802206,-3.158093257099683
1.7781195807204,-1.568595883111711,1.7969186417599339,-0.20764998235437115,1.4828802038369258,-3.156223994447169
1.7039163039023935,-1.6492148988570081,1.8940150740598583,-0.22421878753106395,1.4084730041980071,-3.158659684182858
1.7378174076656485,-1.6646103490550317,1.925788097931589,-0.23926106329388563,1.44251694860293,-3.1588895663709007
1.5934957265487073,-1.7217020495232074,1.950285568531271,-0.20757857252380152,1.2991104330831957,-3.159621445871
1.6370965649138425,-1.5459090336373738,1.7768848345292305,-0.21003518761486717,1.3435150464465755,-3.160199773342363
1.543100269182144,-1.7623148512885738,2.0009662917750894,-0.21760127989672284,1.2488339090521139,-3.1608096805129673
1.620372128650203,-1.5862780237200784,1.8888389288812633,-0.2806088630781556,1.3268712547499089,-3.1595182219278612
1.66726774209675,-1.6411742457005651,1.8994906497206934,-0.23758594529281218,1.3733825291970616,-3.1594204155825523
1.6268030268107694,-1.6099132204868507,1.8426554512472997,-0.21119867034696505,1.332329663727891,-3.1594933731787727
1.6174677852223525,-1.5510909037601577,1.8150927457641899,-0.2429540311876952,1.3230118835405555,-3.1592769625658157
1.579761576688834,-1.651571618990272,1.872845480888083,-0.19894740268009503,1.2860912776020381,-3.1613213052012608
1.763509671468082,-1.5083150957678795,1.7953808400069597,-0.26471355507723615,1.4684011238107804,-3.1583816008549306
1.6373432169368014,-1.6931584436702787,1.962816361137703,-0.2480743851299092,1.343222809591226,-3.159094314927188
1.6642664688028344,-1.5206155787813467,1.771102074054486,-0.2289264751071265,1.3701246600944073,-3.1588952049924828
1.7587484176381345,-1.5967036446850322,1.8193725675049013,-0.20213851502909463,1.463896904152108,-3.158199326850456
1.7930881952370807,-1.595374007500201,1.8086099505680266,-0.19191059694106638,1.4980494552151997,-3.1571165327864286
1.654076469653428,-1.5120455563261972,1.7652968962802014,-0.23244262752416045,1.3596691212995733,-3.1584418275917194
1.6606681280633868,-1.637891751780984,1.89031164236631,-0.23175700387814402,1.3671461290008002,-3.1599549931072275
5.894814528595001,-3.201679463359538,1.7604463259503902,-4.873516349109298,-0.6834296859130804,-3.134262430342117
1.6499608242923767,-1.6590882473550321,1.9142430200481773,-0.23462092906856302,1.3555757757313787,-3.159280448816748
1.5773217917315439,-1.706891300112634,1.9349397067290965,-0.20680156019570894,1.283454676947299,-3.1602446391201404
1.557118376463805,-1.6096807151232504,1.8601785079482447,-0.22935079391959334,1.2631142864060498,-3.161503541869706
1.7180945367741849,-1.553036008586739,1.855428085249308,-0.2813945296672564,1.4233857124791642,-3.158932624904903
1.6026610625772442,-1.6695975058173333,1.9400452560734287,-0.24851824943576872,1.3087792818077517,-3.159836774460066
1.7489684230278133,-1.570360793749158,1.7831707931396004,-0.1920278620965794,1.4544683971391992,-3.1575602374241356
1.5718732634028907,-1.6447790106179605,1.9433945086494404,-0.27600590068952613,1.2779458256366532,-3.160463355614093
1.611085883590997,-1.7334700111882064,1.9882889067359582,-0.23402671517235696,1.3167380836119316,-3.160292334981893
1.7842177623473905,-1.611688012547221,1.8652606574631196,-0.23191944325795344,1.4892095852560532,-3.157589390712655
1.5870502897150116,-1.5797960573012508,1.8004916020893376,-0.19968731172525622,1.293236053061876,-3.16133197752497
1.7929449474558794,-1.6237370929900532,1.9106785390773489,-0.26523350223490816,1.4985992251526987,-3.157217434503167
1.7054544961840632,-1.6222134152222374,1.8891855750743183,-0.24632609622294055,1.4103938561851121,-3.159062134879976
1.722169197774857,-1.5659612171731379,1.8246068879129638,-0.23785066949031375,1.4274432135580728,-3.158222148461469
1.7317669747830653,-1.610968860495011,1.9121594326358693,-0.27884319337726016,1.4368229910384,-3.158665790687845
1.5958761941366166,-1.5902193025597136,1.8300068808029302,-0.21850661673408212,1.3017113893821506,-3.160441160545135
1.7628208529553504,-1.6252899044196,1.9183417988439277,-0.2710515746690012,1.4681777018046631,-3.1578422818189154
1.5394173650842697,-1.7540633829724461,2.0300030744479045,-0.25322065021512685,1.2458034982617088,-3.161127867274498
1.7811579224727474,-1.6175361221363174,1.9127845929593228,-0.27300665864914997,1.4860613386554586,-3.1580676286860783
1.6907532999818438,-1.6020278174783629,1.8927341400316546,-0.2691712740454397,1.3953367418012412,-3.1587603494855756
1.7758816065993663,-1.5088161703532803,1.8027828696370527,-0.2721162643861108,1.4807526114647471,-3.157178498815865
1.5724722263683635,-1.7443012615543578,1.9587954178578464,-0.19186051873708987,1.2790485354745673,-3.1610641852145704
1.7062500096438198,-1.6567135921883844,1.9049423213861019,-0.227624193475509,1.4113271583762153,-3.1592698430018036
1.5582582092748343,-1.601859700020385,1.8514035422738182,-0.22813153031356403,1.2634359101772388,-3.160548192240883
1.5952767141575448,-1.5574168610564385,1.770425427393544,-0.19200445105158082,1.3015057947292075,-3.1612484928707225
1.5838096412722598,-1.6668985397517337,1.881996632723748,-0.19327693582718908,1.2900365419576243,-3.1607204510529954
1.7913001763437286,-1.6039866543116625,1.8495462613660365,-0.22495370791827352,1.4963761765879786,-3.1562558734775976
1.6239051135247147,-1.5985836123115176,1.8676107007599256,-0.2482032194942363,1.3301584494265803,-3.1592264545622797
1.7391129728276091,-1.4906445747074946,1.7770976874818594,-0.264052906427267,1.4442200871134094,-3.158357167043576
1.633483565916963,-1.7292562594182392,1.9298001220984382,-0.1794444032994873,1.3400275573264775,-3.158894909895631
1.6965880490306082,-1.6891521343741696,1.910286324799074,-0.19947016534227213,1.4014406685907295,-3.1580133367721466
1.7706935974346756,-1.5978051831721611,1.8558318371248177,-0.23705713816029217,1.475292554894743,-3.157518618702964
1.7319902350845435,-1.662619412583516,1.8812803899769825,-0.1980894316224706,1.4369501290649689,-3.1587125005314505
1.5669632288624982,-1.7481713242914365,1.9662799413254,-0.19683014877213534,1.2733087922090336,-3.1601012015598577
1.6854508034066367,-1.6273500818026214,1.8524572185521606,-0.20417082359741645,1.3906663432622457,-3.1593906413256434
1.60027928263625,-1.5721238842455802,1.8040306018874368,-0.2104927721876706,1.306561414792486,-3.1594983797672853
1.5797133823839529,-1.5433671972714205,1.8450064149509409,-0.2795211123492525,1.2862062248799688,-3.1615095038721286
1.6032890438825262,-1.591991779371476,1.897600049550995,-0.2830107266838189,1.3092427155923962,-3.159849018067675
1.5476704177218865,-1.6242639162772345,1.8741740735048058,-0.22832200091930321,1.2534113954804003,-3.1605632147838385
1.6517095945757756,-1.5592484137016687,1.7719523811273774,-0.19085247937988647,1.3572059494272422,-3.159021706525426
1.5383778890115227,-1.7109433392360875,1.982382220494685,-0.2484568244387333,1.2446419172278462,-3.1620237531279223
1.6715092994208414,-1.7092947307399005,1.9116547837414934,-0.18037807405050277,1.3779801667854787,-3.159662960731815
1.7968195424697804,-1.5759190835488806,1.8280270102492544,-0.2311326197831196,1.5016036225194807,-3.1576472431527876
1.6810187316140066,-1.5360571161013672,1.8067638279737857,-0.24871023815586302,1.3856428084578027,-3.1589909372606186
1.803302807804851,-1.6053487053911653,1.8292942384869058,-0.20348885156357976,1.508909105016861,-3.156613737155631
1.7393741486129173,-1.5435010998412997,1.7815257782937852,-0.21743339642508008,1.4450535290038706,-3.157690023906934
1.631169509478271,-1.5489018233080838,1.83179465872343,-0.2606998256087918,1.3371468421069554,-3.159417305823892
1.677662827794129,-1.528096525605834,1.7861362093983892,-0.23673604629112077,1.3829191973201471,-3.1584257612383837
1.5989632468618593,-1.543087666689396,1.8167179037189278,-0.2517088474095699,1.305115937609898,-3.1604832351371215
1.7950167576370575,-1.6196261854432663,1.848371098545929,-0.20841259579136207,1.5005908261678842,-3.1573471005152456
1.7501217289623288,-1.585081628663536,1.839442669438439,-0.23327724781642445,1.4554928380812564,-3.1573060407118767
1.6224198202648372,-1.6101039965245985,1.8303692198571007,-0.19892708087205158,1.3282184283685154,-3.159245091766463
1.7810812323426823,-1.6332177140149922,1.8547659413595667,-0.20110644645618958,1.4859351258592284,-3.1577080661201187
1.6978385355524344,-1.632613268468858,1.902444274017185,-0.24858164773004532,1.4031003049415283,-3.158359672584595
1.6644764928635682,-1.5889325982744502,1.821350647001502,-0.21088968531929186,1.3701262669326022,-3.158989573906389
1.7357839105778439,-1.5585060213352078,1.823711394341288,-0.24437223846084688,1.4403904037920334,-3.1578670238438367
1.5960418640592415,-1.645589346215342,1.899914496991972,-0.23296449662706475,1.3026303173792275,-3.1601933144329912
1.701556297218482,-1.5153237670838848,1.777696790814666,-0.2413077978207676,1.406262665344399,-3.157886977453364
1.687733750104437,-1.5933511109871379,1.8925036009052754,-0.27693578245447714,1.392520060548665,-3.158061383723794
1.6836526625677415,-1.6482008380459892,1.8579976390245498,-0.18901612490608866,1.3883866537296443,-3.1580335071439087
1.7264931763206945,0.8485351763051012,-2.2722825240752087,4.584649973951304,4.850976328824041,6.266434367654969
1.643637684548671,-1.6491232614305726,1.900658446624787,-0.23013390617407659,1.350035361842787,-3.159560135628766
1.5478662054976562,-1.6958345999920699,1.9128117629378671,-0.19587644490098732,1.2544221204964234,-3.1605609926457117
1.537875355903478,-1.674636769642679,1.880768131813726,-0.18460898775503232,1.2439015529918702,-3.1609972635835266
1.5897724981058037,-1.6874590599295933,1.9526610145377994,-0.24253301088386348,1.2962751290703247,-3.1607574684177298
1.768138713235306,-1.5732035849273531,1.8779314492504646,-0.2826137759562428,1.4732458294591098,-3.1567983791772427
1.540477810136883,-1.6439429485556074,1.9077506661550405,-0.242102898502484,1.2467749241139563,-3.16174459350173
1.6056014470093487,-1.5485224624772176,1.8251669240498671,-0.2539210992144474,1.3117838003887758,-3.160963453475528
1.7460006101295242,-1.6386831293303405,1.8920257763779542,-0.2315138344336125,1.4511197872199633,-3.1572417692751316
1.6475442595161232,-1.6395447841532604,1.8877670617166658,-0.2274152937219771,1.35353406393092,-3.1590028337354035
2.910595161406027,0.19556823452399907,0.3308246991861985,0.4563876349453855,-1.204784465554761,-1.9891817232114528
5.8347281309757015,-3.4725534772337383,-2.2389825747827867,1.2297474382803584,-5.539949125370203,0.055205625599143104
5.88646415082753,-2.0567647716670088,-2.2552355172076943,1.1376729582127343,-5.591823979182076,0.00732159378596986
1.6459343108953188,-1.6057868761734202,1.8798846561197564,-0.2520144479482038,1.3512969927428582,-3.159348638009133
1.6295983207277382,-1.6545554367640598,1.9413811306556,-0.26493571268353744,1.3354260858558398,-3.1594393646752525
1.6509256881272663,-1.630442738440106,1.8764708352424222,-0.22468195476043462,1.3565561617630166,-3.158849909880093
1.7630721270354748,-1.4914002739344907,1.7745632443898671,-0.2608016005895095,1.4674239199884758,-3.158403941355287
1.6693102953346575,-1.5664237518539608,1.8240547675571168,-0.23658896918498407,1.3744370053420605,-3.1586780031956145
1.7960699802570375,-1.584457757130135,1.7986899651761625,-0.19365325160505265,1.500111105624792,-3.156477621150273
1.7155735120551334,-1.6114182425053754,1.849007197617194,-0.21597784827500455,1.4197704815009295,-3.158242511471787
1.7064470443547028,-1.6827774554545503,1.9363046423583459,-0.2314783599067729,1.4106750630092293,-3.1591648406723998
1.6613884541741282,-1.6371187426460354,1.8928849699099644,-0.23442674176426692,1.3667338432091327,-3.1590793120669964
1.7923242968787996,-1.592842357124205,1.847485008792738,-0.23390985117454388,1.4973377389474365,-3.157710465145488
1.594001212381838,-1.6577709476392108,1.9280754912171787,-0.24752027756403727,1.2997261668583375,-3.1601738712110183
1.5810182701130397,-1.6966704812240163,1.9265433737439377,-0.20865618219883864,1.2866443308675235,-3.1603668936602
1.6097562287350318,-1.6552739360831872,1.9437753512008022,-0.26622129330474564,1.3154909301815207,-3.1600883261507278
1.7419214964062064,-1.602939108436141,1.8642942767310853,-0.24021857865442708,1.446453758161713,-3.157925983989786
1.6066489901704148,-1.7312850813911869,1.9580187975654475,-0.20433823028772657,1.312744700581713,-3.1596387390763034
1.5378781465757356,-1.7464245253192647,2.0030588050820803,-0.23534475207532513,1.2432436942112401,-3.1614771543054
1.6387293894287787,-1.5704864243282008,1.8671949510092123,-0.2746876028271341,1.344820386680258,-3.159310349141574
1.6083491634239078,-1.580559384776432,1.7995075259289202,-0.19788541652721214,1.3141905293532306,-3.160811093870393
1.7234842715954812,-1.5038523660719996,1.7841935344528252,-0.2592167548252684,1.4279654488092373,-3.1583535511985588
1.5423435338999862,-1.6683145064034406,1.8890835608057124,-0.19903234280822435,1.2483208692159309,-3.1611346295441205
1.5950479661406893,-1.5671678730873149,1.78146317204261,-0.19315097980808105,1.3005536369269084,-3.1599350793356127
1.6936092796991478,-1.5478233099531025,1.7917336246651754,-0.22278318252507034,1.3987306139508568,-3.159082024938993
1.7506701567348877,-1.6399111080705353,1.889058411515883,-0.22843641985994267,1.4554845684937918,-3.157711155486396
1.7582266904524033,-1.4695063682570435,1.7223490080405508,-0.23194888465214714,1.4625810597864142,-3.1570704649973766
1.5403706759986706,-1.570761722315627,1.8730022038089391,-0.2800796501860141,1.246405150430455,-3.1613885058830657
1.7354761825048612,-1.4703698806308712,1.7471142136862614,-0.25543119523306856,1.440051805196469,-3.15864436695448
1.5981521362652789,-1.6172735881066522,1.9013643957363016,-0.2618961364729895,1.3043487945508154,-3.1616543155680112
1.549725342565166,-1.6344036061487603,1.879380963401065,-0.22208723560510713,1.2555231702367182,-3.1614215318392844
1.5648268586478498,-1.7278069522742916,1.973986635880971,-0.2251813360796051,1.2698520184449968,-3.1605334277354036
1.7356573845689702,-1.4805671421961408,1.7100503220821848,-0.20837985315498653,1.4404074581520065,-3.158864271747948
1.6852759967902147,-1.63756491528782,1.8929000382658803,-0.23459220737825692,1.3900226357895287,-3.158893485303338
1.7066453667850894,-1.6753855247154865,1.9020103908782389,-0.20620422396535698,1.4110498709865258,-3.1581974772571773
1.59469083091615,-1.6678549419659188,1.9418417409265771,-0.2516583467029694,1.3009822224071454,-3.160573805300917
1.5484220516335938,-1.6845207715615196,1.927137523780866,-0.221245685334579,1.2545911137586883,-3.1605849790096823
1.6635563226354417,-1.605347909736139,1.8236677803042802,-0.19648298996901747,1.3698366937253041,-3.159099585268919
1.6699913923382796,-1.669475778561269,1.8967426247394918,-0.20609464884086215,1.3759929775617676,-3.1588848624305896
1.561254618021735,-1.75484049028249,1.9881083301911247,-0.2126590816465459,1.2674288303364474,-3.160284495311517
1.6523664369532698,-1.6425069440867057,1.9238513043537928,-0.2591608290996241,1.3578837133993655,-3.159966592456115
1.668066376723342,-1.5098739441039442,1.7257479994853213,-0.19481307900564282,1.3737429574220057,-3.15920578619731
1.7618849482644237,-1.5021868465992156,1.7296150152251037,-0.20661479518791825,1.4673973912763039,-3.1579543520891367
1.6530100081301935,-1.5805429597344016,1.8545506763613346,-0.25260248550400455,1.3593105225842237,-3.159485656806588
1.693071324586219,-1.5605817220268703,1.7974560492997202,-0.21645577730415244,1.3985177880282613,-3.158310130191694
1.7804939408187757,-1.608966303133962,1.847307778242758,-0.21831014086404998,1.4858565565942161,-3.157975301893371
1.7616144982014674,-1.6189606608739746,1.8948334235088442,-0.2544391180488921,1.4660685579078478,-3.158223664726263
1.7069550500716577,-1.56446967487304,1.8363750172921662,-0.2505519406922332,1.41151991830528,-3.1595079218923203
1.6837893777508182,-1.6216182428807775,1.8498835501934217,-0.20751704381558245,1.3884515989995982,-3.1589011220809766
1.5659749442373805,-1.6376454261200584,1.8940317662395714,-0.23426547430966682,1.2721427165945984,-3.1617771332659874
1.557170750971701,-1.5828050873235693,1.8515803888723603,-0.2479147434143849,1.2629239378671748,-3.1618892209283143
-4.531806741606339,-1.0758488754509559,2.2780183443569513,-4.323586051234308,-1.4570231622546128,-0.015092174871039532
1.671435418199299,-1.5929679769570448,1.8968748186337692,-0.2819823069736369,1.3773577981584628,-3.1600817442558817
1.7275474602861127,-1.642053747364117,1.8794998265090683,-0.21636295531995398,1.4331626272348243,-3.158903308164998
